EMP1000,Bob,Davis,25,DevOps-California,Active,4/2/2021,59768,Average,t,Young-Adult
EMP1001,Bob,Brown,30,Finance-Texas,Active,7/10/2020,65305,Excellent,t,Young-Adult
EMP1002,Alice,Jones,30,Admin-Nevada,Pending,12/7/2023,88146,Good,t,Young-Adult
EMP1003,Eva,Davis,25,Admin-Nevada,Inactive,11/27/2021,69451,Good,t,Young-Adult
EMP1004,Frank,Williams,25,Cloud Tech-Florida,Active,1/5/2022,109325,Poor,f,Young-Adult
EMP1005,Alice,Garcia,40,Sales-Texas,Inactive,6/10/2020,88643,Good,f,Middle-Aged
EMP1006,Frank,Jones,30,Admin-Nevada,Active,4/3/2020,96288,Good,f,Young-Adult
EMP1007,Bob,Jones,30,Cloud Tech-Florida,Inactive,7/17/2022,94498,Average,t,Young-Adult
EMP1008,Frank,Davis,35,Admin-Nevada,Inactive,12/8/2023,115566,Excellent,t,Adult
EMP1009,Charlie,Johnson,30,DevOps-New York,Active,8/4/2022,76562,Excellent,t,Young-Adult
EMP1010,David,Williams,35,Cloud Tech-New York,Active,7/6/2024,72082,Average,f,Adult
EMP1011,David,Davis,30,DevOps-California,Active,9/4/2023,84946,Poor,t,Young-Adult
EMP1012,Heidi,Williams,30,HR-New York,Active,3/5/2024,89296,Excellent,f,Young-Adult
EMP1013,Grace,Williams,30,Finance-California,Active,10/10/2020,85667,Good,f,Young-Adult
EMP1014,Alice,Garcia,25,Admin-Nevada,Active,6/10/2024,97634,Excellent,t,Young-Adult
EMP1015,Grace,Jones,40,Sales-Florida,Pending,5/29/2021,117975,Good,t,Middle-Aged
EMP1016,Alice,Brown,25,DevOps-Illinois,Inactive,4/23/2024,94867,Poor,f,Young-Adult
EMP1017,Grace,Garcia,30,Finance-Texas,Pending,11/28/2024,100378,Average,t,Young-Adult
EMP1018,Charlie,Garcia,30,Cloud Tech-Nevada,Inactive,9/19/2024,94726,Excellent,f,Young-Adult
EMP1019,Charlie,Williams,35,Admin-Illinois,Pending,1/2/2020,91926,Average,t,Adult
EMP1020,Bob,Miller,35,HR-New York,Active,5/8/2021,111461,Excellent,t,Adult
EMP1021,Bob,Jones,40,Cloud Tech-Illinois,Active,9/19/2020,96183,Good,f,Middle-Aged
EMP1022,Charlie,Johnson,35,Sales-Illinois,Inactive,3/9/2021,115024,Average,t,Adult
EMP1023,David,Garcia,35,Finance-Nevada,Pending,2/3/2022,80667,Excellent,f,Adult
EMP1024,Bob,Brown,30,Admin-Texas,Inactive,2/13/2020,91182,Good,t,Young-Adult
EMP1025,David,Miller,25,Cloud Tech-Nevada,Pending,4/30/2020,66026,Average,f,Young-Adult
EMP1026,Frank,Miller,25,Sales-New York,Inactive,10/2/2023,83979,Average,f,Young-Adult
EMP1027,Heidi,Johnson,30,Finance-Florida,Active,7/12/2020,56785,Excellent,t,Young-Adult
EMP1028,Grace,Garcia,40,Finance-Nevada,Active,10/11/2023,95742,Excellent,f,Middle-Aged
EMP1029,Alice,Brown,40,DevOps-California,Active,5/24/2021,63411,Excellent,t,Middle-Aged
EMP1030,Charlie,Jones,40,Admin-California,Inactive,5/26/2021,111214,Good,t,Middle-Aged
EMP1031,Bob,Smith,25,DevOps-Illinois,Active,7/10/2020,114846,Excellent,t,Young-Adult
EMP1032,Charlie,Brown,40,Finance-Florida,Active,11/5/2024,78073,Average,f,Middle-Aged
EMP1033,Grace,Johnson,25,Finance-California,Inactive,8/7/2021,79611,Average,f,Young-Adult
EMP1034,Heidi,Miller,30,Admin-California,Active,4/29/2020,90543,Excellent,t,Young-Adult
EMP1035,Frank,Jones,25,Cloud Tech-Illinois,Inactive,10/26/2022,114357,Excellent,t,Young-Adult
EMP1036,Alice,Brown,30,Cloud Tech-New York,Active,5/3/2023,54757,Poor,f,Young-Adult
EMP1037,Grace,Smith,25,Sales-New York,Pending,5/2/2023,52782,Average,t,Young-Adult
EMP1038,Frank,Smith,35,Admin-Nevada,Pending,10/5/2021,66708,Good,t,Adult
EMP1039,Eva,Williams,40,HR-Texas,Active,7/27/2022,93481,Poor,f,Middle-Aged
EMP1040,Bob,Williams,25,Sales-New York,Pending,6/27/2021,59272,Excellent,t,Young-Adult
EMP1041,Bob,Davis,30,HR-California,Active,6/16/2022,108362,Excellent,f,Young-Adult
EMP1042,Alice,Johnson,30,HR-Nevada,Active,12/3/2024,59400,Average,t,Young-Adult
EMP1043,Bob,Garcia,30,Admin-California,Inactive,5/23/2023,64744,Excellent,f,Young-Adult
EMP1044,Eva,Brown,30,Finance-California,Active,7/8/2020,94400,Good,t,Young-Adult
EMP1045,Alice,Brown,25,HR-New York,Pending,6/20/2021,61311,Average,t,Young-Adult
EMP1046,Grace,Garcia,30,Cloud Tech-Texas,Active,12/13/2024,98371,Excellent,f,Young-Adult
EMP1047,Alice,Davis,35,Sales-Illinois,Active,5/30/2022,58921,Average,t,Adult
EMP1048,Alice,Miller,35,Admin-Nevada,Active,9/27/2023,57196,Excellent,f,Adult
EMP1049,Grace,Miller,30,DevOps-New York,Active,11/5/2024,61375,Excellent,t,Young-Adult
EMP1050,Charlie,Davis,40,Cloud Tech-New York,Pending,11/11/2021,104767,Excellent,f,Middle-Aged
EMP1051,David,Miller,35,Admin-Nevada,Active,2/22/2022,111052,Good,f,Adult
EMP1052,David,Williams,30,Finance-California,Inactive,8/7/2024,105674,Good,f,Young-Adult
EMP1053,Alice,Brown,30,Finance-California,Inactive,11/5/2024,54859,Average,f,Young-Adult
EMP1054,Frank,Davis,30,Finance-Nevada,Pending,11/9/2021,115747,Excellent,t,Young-Adult
EMP1055,Eva,Brown,30,Sales-California,Active,8/10/2020,91760,Excellent,t,Young-Adult
EMP1056,Frank,Garcia,40,Sales-Illinois,Active,2/27/2022,112965,Good,f,Middle-Aged
EMP1057,Alice,Smith,40,Cloud Tech-Illinois,Pending,11/7/2023,100360,Excellent,f,Middle-Aged
EMP1058,David,Williams,35,Finance-Texas,Pending,11/7/2021,93621,Good,f,Adult
EMP1059,Bob,Jones,35,Sales-California,Pending,4/16/2022,72833,Excellent,t,Adult
EMP1060,Charlie,Williams,30,Finance-Nevada,Inactive,10/19/2023,102369,Average,t,Young-Adult
EMP1061,Eva,Davis,40,Sales-Texas,Inactive,8/10/2021,64713,Excellent,t,Middle-Aged
EMP1062,Frank,Jones,40,Finance-Florida,Pending,3/13/2021,85782,Excellent,t,Middle-Aged
EMP1063,Charlie,Smith,25,HR-Illinois,Pending,7/20/2023,93348,Poor,f,Young-Adult
EMP1064,David,Davis,35,Admin-New York,Active,2/20/2020,53235,Good,f,Adult
EMP1065,Bob,Johnson,40,Finance-Nevada,Pending,2/2/2021,100284,Excellent,f,Middle-Aged
EMP1066,Grace,Brown,30,Admin-Nevada,Pending,1/12/2020,112486,Excellent,t,Young-Adult
EMP1067,Bob,Smith,40,Admin-New York,Pending,11/26/2022,82518,Poor,t,Middle-Aged
EMP1068,Bob,Brown,40,Admin-Florida,Pending,12/23/2022,119152,Poor,t,Middle-Aged
EMP1069,Heidi,Miller,30,DevOps-Illinois,Inactive,8/28/2024,113480,Good,f,Young-Adult
EMP1070,Charlie,Johnson,40,Finance-California,Active,9/16/2024,94636,Poor,f,Middle-Aged
EMP1071,Heidi,Johnson,30,HR-Florida,Active,1/1/2024,70001,Average,t,Young-Adult
EMP1072,Frank,Smith,30,Cloud Tech-New York,Active,4/18/2021,76812,Poor,f,Young-Adult
EMP1073,David,Johnson,25,Finance-Florida,Inactive,1/16/2023,82615,Average,t,Young-Adult
EMP1074,Grace,Jones,40,Sales-Nevada,Active,10/20/2024,111646,Good,t,Middle-Aged
EMP1075,Heidi,Johnson,25,HR-California,Inactive,10/13/2024,112415,Good,f,Young-Adult
EMP1076,David,Brown,40,Admin-California,Inactive,9/21/2022,52032,Good,t,Middle-Aged
EMP1077,Grace,Brown,30,Finance-New York,Pending,12/29/2022,51888,Good,f,Young-Adult
EMP1078,Alice,Davis,25,DevOps-Florida,Active,11/10/2024,82319,Good,t,Young-Adult
EMP1079,Grace,Brown,35,Admin-Florida,Inactive,11/22/2021,103286,Average,f,Adult
EMP1080,Grace,Davis,35,Cloud Tech-Florida,Active,3/14/2024,87759,Average,f,Adult
EMP1081,Frank,Brown,30,DevOps-Texas,Pending,3/23/2020,102796,Good,f,Young-Adult
EMP1082,David,Jones,25,Sales-New York,Active,9/15/2020,83149,Poor,t,Young-Adult
EMP1083,David,Garcia,40,DevOps-California,Inactive,12/9/2020,92412,Excellent,t,Middle-Aged
EMP1084,Bob,Davis,30,HR-Texas,Pending,2/22/2020,115022,Good,f,Young-Adult
EMP1085,Grace,Williams,40,DevOps-New York,Active,4/27/2023,98343,Poor,f,Middle-Aged
EMP1086,Bob,Miller,35,DevOps-Illinois,Active,6/18/2024,118869,Excellent,t,Adult
EMP1087,Frank,Smith,30,Finance-Nevada,Inactive,5/21/2020,85417,Good,t,Young-Adult
EMP1088,Grace,Brown,40,Cloud Tech-Florida,Inactive,7/25/2023,112410,Good,t,Middle-Aged
EMP1089,Charlie,Johnson,40,Admin-Nevada,Pending,8/25/2023,68906,Average,f,Middle-Aged
EMP1090,Heidi,Garcia,40,Finance-Nevada,Pending,7/3/2021,72561,Excellent,t,Middle-Aged
EMP1091,Bob,Brown,35,Finance-New York,Inactive,3/13/2023,92723,Excellent,t,Adult
EMP1092,Alice,Johnson,40,HR-New York,Inactive,3/10/2021,74838,Poor,f,Middle-Aged
EMP1093,Eva,Miller,30,DevOps-California,Pending,1/21/2020,86164,Average,t,Young-Adult
EMP1094,David,Miller,40,Finance-Illinois,Active,11/15/2023,83327,Average,t,Middle-Aged
EMP1095,Heidi,Miller,25,Cloud Tech-California,Active,4/8/2022,98425,Average,t,Young-Adult
EMP1096,Frank,Johnson,40,Sales-Illinois,Inactive,5/21/2022,119764,Average,f,Middle-Aged
EMP1097,Frank,Brown,40,HR-California,Inactive,4/17/2021,58446,Excellent,f,Middle-Aged
EMP1098,Bob,Miller,30,DevOps-New York,Active,3/19/2021,101702,Excellent,f,Young-Adult
EMP1099,Eva,Jones,25,Admin-California,Active,1/9/2022,93773,Good,f,Young-Adult
EMP1100,Charlie,Davis,35,Cloud Tech-Texas,Pending,8/21/2021,98819,Good,f,Adult
EMP1101,Heidi,Johnson,25,Cloud Tech-Illinois,Inactive,8/19/2022,83510,Average,f,Young-Adult
EMP1102,Alice,Johnson,35,Finance-Texas,Active,3/31/2022,84422,Average,f,Adult
EMP1103,Alice,Brown,30,Admin-Illinois,Inactive,6/23/2020,119574,Average,t,Young-Adult
EMP1104,Grace,Johnson,30,Sales-Illinois,Active,5/7/2024,86580,Good,t,Young-Adult
EMP1105,Heidi,Johnson,35,Sales-Florida,Inactive,3/10/2023,93472,Poor,f,Adult
EMP1106,Bob,Miller,30,DevOps-New York,Inactive,9/14/2023,55683,Poor,t,Young-Adult
EMP1107,Bob,Brown,30,Cloud Tech-Florida,Inactive,11/12/2023,91567,Good,t,Young-Adult
EMP1108,David,Miller,35,DevOps-California,Pending,10/26/2024,81782,Good,f,Adult
EMP1109,Eva,Davis,30,DevOps-New York,Inactive,8/23/2020,88119,Good,t,Young-Adult
EMP1110,Eva,Garcia,30,Cloud Tech-Texas,Active,6/11/2024,71533,Good,t,Young-Adult
EMP1111,Eva,Davis,40,Cloud Tech-Florida,Pending,9/14/2021,98981,Good,t,Middle-Aged
EMP1112,Heidi,Garcia,40,Cloud Tech-Illinois,Active,12/26/2024,80242,Good,t,Middle-Aged
EMP1113,Eva,Miller,25,Cloud Tech-New York,Pending,9/8/2024,110236,Average,t,Young-Adult
EMP1114,Alice,Davis,35,Sales-Texas,Active,8/21/2022,86327,Average,f,Adult
EMP1115,Eva,Brown,30,Sales-Florida,Pending,7/25/2024,84421,Average,f,Young-Adult
EMP1116,Frank,Smith,40,HR-California,Pending,8/2/2020,110041,Average,f,Middle-Aged
EMP1117,Heidi,Miller,35,DevOps-Florida,Pending,3/16/2020,81838,Good,t,Adult
EMP1118,Frank,Garcia,25,Finance-Illinois,Active,9/8/2023,110856,Poor,f,Young-Adult
EMP1119,Alice,Jones,30,Sales-California,Pending,3/29/2024,84895,Excellent,t,Young-Adult
EMP1120,Alice,Garcia,30,HR-Illinois,Active,8/12/2021,80668,Good,t,Young-Adult
EMP1121,Bob,Jones,25,DevOps-Illinois,Active,12/24/2023,61086,Excellent,t,Young-Adult
EMP1122,Grace,Johnson,25,Admin-Texas,Inactive,8/28/2020,95340,Poor,t,Young-Adult
EMP1123,Eva,Davis,30,DevOps-California,Inactive,9/5/2024,83775,Average,f,Young-Adult
EMP1124,Heidi,Jones,30,Admin-Florida,Active,5/12/2023,85577,Poor,f,Young-Adult
EMP1125,Bob,Garcia,35,Finance-California,Pending,7/1/2021,107438,Good,t,Adult
EMP1126,Eva,Johnson,30,Sales-Nevada,Inactive,11/7/2024,60402,Average,f,Young-Adult
EMP1127,Frank,Smith,35,Sales-Illinois,Inactive,7/21/2022,115300,Good,t,Adult
EMP1128,David,Brown,30,Finance-New York,Inactive,3/30/2020,72272,Average,f,Young-Adult
EMP1129,Grace,Brown,40,DevOps-Nevada,Active,10/11/2022,117538,Excellent,f,Middle-Aged
EMP1130,Frank,Brown,25,Finance-Texas,Pending,7/24/2022,51074,Excellent,t,Young-Adult
EMP1131,Charlie,Jones,25,Finance-California,Inactive,6/30/2023,98489,Excellent,f,Young-Adult
EMP1132,Frank,Smith,30,Finance-California,Pending,1/11/2024,112121,Poor,t,Young-Adult
EMP1133,Alice,Jones,30,Cloud Tech-New York,Pending,11/2/2023,114465,Good,f,Young-Adult
EMP1134,Bob,Davis,40,Cloud Tech-Nevada,Pending,11/22/2024,57036,Poor,t,Middle-Aged
EMP1135,Eva,Jones,25,Cloud Tech-California,Active,8/23/2021,75092,Excellent,t,Young-Adult
EMP1136,David,Smith,30,Finance-Illinois,Pending,6/11/2024,62604,Good,f,Young-Adult
EMP1137,Grace,Smith,30,DevOps-New York,Inactive,4/9/2023,60018,Excellent,f,Young-Adult
EMP1138,Eva,Davis,40,HR-Nevada,Active,7/5/2024,82568,Poor,t,Middle-Aged
EMP1139,Charlie,Smith,25,Finance-California,Pending,9/4/2021,94726,Poor,f,Young-Adult
EMP1140,Eva,Garcia,40,HR-New York,Inactive,10/13/2024,83825,Poor,f,Middle-Aged
EMP1141,Frank,Smith,30,HR-Nevada,Inactive,2/14/2020,118456,Excellent,t,Young-Adult
EMP1142,Eva,Brown,25,Sales-Nevada,Pending,4/10/2020,113743,Good,t,Young-Adult
EMP1143,Eva,Garcia,30,Sales-California,Active,7/27/2023,63309,Good,f,Young-Adult
EMP1144,Charlie,Garcia,25,DevOps-Nevada,Active,9/24/2021,105203,Excellent,t,Young-Adult
EMP1145,Frank,Davis,30,Cloud Tech-California,Inactive,3/10/2024,79085,Good,t,Young-Adult
EMP1146,Frank,Williams,30,Sales-California,Active,6/10/2021,113983,Excellent,t,Young-Adult
EMP1147,Eva,Williams,35,Cloud Tech-Florida,Active,10/15/2020,102791,Good,f,Adult
EMP1148,Grace,Smith,30,HR-Texas,Inactive,1/29/2020,68512,Average,f,Young-Adult
EMP1149,Frank,Garcia,35,Sales-Florida,Pending,1/30/2022,57584,Average,t,Adult
EMP1150,Alice,Williams,30,Sales-California,Pending,3/29/2021,95336,Poor,f,Young-Adult
EMP1151,Heidi,Williams,35,DevOps-Florida,Active,10/13/2020,53174,Average,t,Adult
EMP1152,Heidi,Smith,25,Cloud Tech-New York,Pending,10/4/2020,77205,Average,f,Young-Adult
EMP1153,Grace,Williams,30,DevOps-Nevada,Active,12/18/2024,79042,Average,t,Young-Adult
EMP1154,Heidi,Jones,30,Finance-California,Active,11/14/2023,75937,Excellent,t,Young-Adult
EMP1155,David,Johnson,35,Cloud Tech-Nevada,Inactive,1/20/2023,113119,Average,f,Adult
EMP1156,Alice,Davis,40,HR-New York,Active,10/2/2024,107693,Average,t,Middle-Aged
EMP1157,David,Johnson,30,Cloud Tech-Texas,Inactive,5/13/2021,119217,Poor,f,Young-Adult
EMP1158,David,Smith,25,Sales-New York,Pending,3/18/2021,106914,Average,f,Young-Adult
EMP1159,Charlie,Brown,30,Cloud Tech-California,Active,9/23/2020,87815,Average,t,Young-Adult
EMP1160,Bob,Davis,25,Admin-Texas,Inactive,6/5/2024,105190,Good,t,Young-Adult
EMP1161,Alice,Smith,30,HR-Texas,Active,2/28/2024,79467,Poor,f,Young-Adult
EMP1162,Bob,Garcia,40,Finance-California,Pending,4/30/2023,57634,Poor,t,Middle-Aged
EMP1163,Alice,Brown,30,HR-Florida,Pending,3/4/2020,54258,Poor,t,Young-Adult
EMP1164,Grace,Johnson,40,DevOps-Texas,Inactive,12/29/2023,113679,Poor,t,Middle-Aged
EMP1165,Bob,Smith,35,Sales-New York,Active,9/15/2020,69251,Poor,t,Adult
EMP1166,Frank,Garcia,40,Sales-Illinois,Inactive,7/18/2022,85389,Poor,t,Middle-Aged
EMP1167,Bob,Davis,30,DevOps-New York,Inactive,7/13/2022,112166,Excellent,f,Young-Adult
EMP1168,Heidi,Davis,40,Finance-Nevada,Active,10/2/2021,79873,Average,f,Middle-Aged
EMP1169,Frank,Miller,30,DevOps-Florida,Active,7/5/2020,108224,Poor,t,Young-Adult
EMP1170,Bob,Garcia,35,Admin-Illinois,Active,4/16/2023,116964,Average,t,Adult
EMP1171,Bob,Jones,40,HR-Nevada,Inactive,11/12/2024,114109,Average,t,Middle-Aged
EMP1172,Eva,Williams,30,HR-California,Active,3/29/2023,85519,Excellent,f,Young-Adult
EMP1173,Heidi,Brown,30,Cloud Tech-California,Pending,1/22/2022,58042,Poor,t,Young-Adult
EMP1174,David,Garcia,40,Sales-Illinois,Pending,10/14/2023,94989,Good,f,Middle-Aged
EMP1175,Eva,Miller,25,Admin-California,Pending,4/10/2024,71629,Excellent,f,Young-Adult
EMP1176,Alice,Williams,30,Admin-Illinois,Pending,3/31/2022,54871,Good,f,Young-Adult
EMP1177,Alice,Williams,25,DevOps-Illinois,Active,2/9/2022,79388,Average,t,Young-Adult
EMP1178,Frank,Smith,35,DevOps-California,Pending,5/6/2023,55947,Average,f,Adult
EMP1179,Charlie,Williams,30,Cloud Tech-Nevada,Active,7/11/2021,81018,Excellent,t,Young-Adult
EMP1180,Heidi,Jones,40,HR-New York,Pending,8/21/2020,74162,Excellent,f,Middle-Aged
EMP1181,Heidi,Davis,30,DevOps-California,Active,3/27/2021,77668,Good,t,Young-Adult
EMP1182,Alice,Miller,30,HR-New York,Active,4/14/2024,67886,Poor,f,Young-Adult
EMP1183,Alice,Williams,40,DevOps-Florida,Active,9/21/2020,76615,Good,t,Middle-Aged
EMP1184,Frank,Smith,25,Finance-Nevada,Active,6/12/2022,51312,Excellent,f,Young-Adult
EMP1185,Frank,Jones,30,Finance-Illinois,Inactive,12/24/2023,94810,Good,t,Young-Adult
EMP1186,Grace,Johnson,25,HR-New York,Pending,7/31/2022,108242,Excellent,t,Young-Adult
EMP1187,Bob,Davis,40,Cloud Tech-New York,Inactive,4/21/2023,78031,Good,t,Middle-Aged
EMP1188,Eva,Davis,35,Admin-California,Active,6/5/2020,85734,Excellent,t,Adult
EMP1189,David,Miller,35,HR-Nevada,Pending,7/27/2024,60338,Excellent,f,Adult
EMP1190,Eva,Davis,30,Admin-Illinois,Active,4/5/2024,103141,Excellent,f,Young-Adult
EMP1191,Heidi,Williams,40,Sales-Illinois,Inactive,10/26/2023,114691,Poor,t,Middle-Aged
EMP1192,Frank,Smith,35,Admin-Florida,Active,8/18/2022,80955,Good,f,Adult
EMP1193,Eva,Davis,30,Cloud Tech-California,Pending,5/31/2020,71729,Good,t,Young-Adult
EMP1194,Alice,Davis,35,HR-Texas,Pending,11/4/2024,118416,Good,t,Adult
EMP1195,Grace,Johnson,40,Sales-Illinois,Pending,3/25/2020,81481,Excellent,f,Middle-Aged
EMP1196,David,Johnson,35,Sales-Florida,Pending,11/4/2020,117041,Good,t,Adult
EMP1197,Frank,Brown,25,Sales-Nevada,Active,3/21/2020,67342,Good,t,Young-Adult
EMP1198,Heidi,Jones,30,Sales-Illinois,Active,1/15/2022,76100,Excellent,f,Young-Adult
EMP1199,Grace,Williams,35,DevOps-Illinois,Active,6/4/2024,94162,Average,t,Adult
EMP1200,Frank,Davis,25,Sales-Nevada,Inactive,8/4/2021,67640,Excellent,t,Young-Adult
EMP1201,Charlie,Garcia,35,Cloud Tech-Illinois,Pending,10/16/2020,114172,Good,t,Adult
EMP1202,Grace,Davis,30,Sales-Nevada,Active,9/26/2021,89125,Excellent,t,Young-Adult
EMP1203,Frank,Smith,30,DevOps-Nevada,Pending,11/4/2023,113871,Average,f,Young-Adult
EMP1204,Grace,Brown,30,HR-Texas,Inactive,9/24/2021,62618,Excellent,f,Young-Adult
EMP1205,Heidi,Jones,30,Admin-New York,Active,6/7/2020,70705,Good,f,Young-Adult
EMP1206,Alice,Garcia,35,Sales-New York,Pending,2/10/2022,60798,Average,t,Adult
EMP1207,Charlie,Brown,40,Cloud Tech-Florida,Inactive,10/17/2023,100371,Poor,t,Middle-Aged
EMP1208,Eva,Miller,40,Admin-Illinois,Active,9/25/2021,117592,Good,f,Middle-Aged
EMP1209,David,Jones,35,DevOps-Illinois,Inactive,8/3/2022,103861,Average,t,Adult
EMP1210,Grace,Davis,30,Admin-Illinois,Active,11/22/2024,67500,Average,t,Young-Adult
EMP1211,Frank,Davis,30,Cloud Tech-Nevada,Pending,10/9/2024,58727,Poor,t,Young-Adult
EMP1212,Charlie,Jones,35,Finance-Illinois,Active,8/28/2024,80623,Excellent,t,Adult
EMP1213,David,Davis,40,HR-Texas,Inactive,4/19/2020,77752,Excellent,f,Middle-Aged
EMP1214,Grace,Williams,25,HR-New York,Active,10/14/2021,115158,Good,f,Young-Adult
EMP1215,Frank,Jones,30,Admin-Texas,Inactive,8/26/2024,83072,Poor,f,Young-Adult
EMP1216,Heidi,Brown,40,Sales-Texas,Active,2/8/2020,67915,Excellent,t,Middle-Aged
EMP1217,Grace,Jones,25,HR-New York,Inactive,9/6/2020,53342,Poor,f,Young-Adult
EMP1218,Heidi,Garcia,25,Cloud Tech-Florida,Pending,1/2/2023,51150,Excellent,f,Young-Adult
EMP1219,David,Davis,30,HR-Florida,Active,6/13/2023,74697,Average,t,Young-Adult
EMP1220,Charlie,Williams,25,Sales-California,Active,12/13/2022,88086,Excellent,t,Young-Adult
EMP1221,Alice,Williams,40,Finance-Texas,Pending,3/3/2022,118673,Poor,f,Middle-Aged
EMP1222,Alice,Miller,35,Cloud Tech-California,Active,2/10/2024,95997,Average,f,Adult
EMP1223,Frank,Brown,30,Cloud Tech-California,Pending,11/24/2021,106946,Average,f,Young-Adult
EMP1224,Heidi,Johnson,40,DevOps-New York,Active,5/9/2020,100123,Average,f,Middle-Aged
EMP1225,Alice,Johnson,35,Admin-Texas,Active,12/19/2024,52933,Poor,t,Adult
EMP1226,Grace,Jones,30,Finance-California,Active,3/22/2024,95283,Good,f,Young-Adult
EMP1227,Alice,Miller,35,HR-Texas,Inactive,6/13/2022,112264,Good,f,Adult
EMP1228,Grace,Smith,35,Admin-Florida,Pending,10/15/2022,75714,Good,t,Adult
EMP1229,Eva,Jones,25,DevOps-Florida,Active,5/31/2022,92172,Poor,f,Young-Adult
EMP1230,Eva,Miller,35,Cloud Tech-Texas,Inactive,9/15/2023,70695,Average,t,Adult
EMP1231,Grace,Brown,30,DevOps-Florida,Inactive,7/4/2022,52965,Good,t,Young-Adult
EMP1232,Frank,Brown,30,Finance-California,Pending,6/8/2024,116353,Poor,t,Young-Adult
EMP1233,Grace,Brown,35,Sales-Nevada,Pending,11/23/2020,116695,Good,f,Adult
EMP1234,Heidi,Brown,25,Admin-Texas,Active,5/13/2024,95161,Excellent,f,Young-Adult
EMP1235,Alice,Brown,30,Admin-Nevada,Inactive,1/29/2022,76041,Good,t,Young-Adult
EMP1236,Charlie,Miller,30,HR-Florida,Inactive,8/23/2023,69508,Good,f,Young-Adult
EMP1237,Alice,Miller,30,Finance-Illinois,Inactive,2/24/2023,58243,Average,f,Young-Adult
EMP1238,Heidi,Williams,30,Sales-California,Pending,10/2/2022,64012,Poor,t,Young-Adult
EMP1239,Bob,Garcia,40,Admin-Nevada,Inactive,6/28/2020,106736,Average,t,Middle-Aged
EMP1240,Frank,Johnson,35,DevOps-Texas,Pending,1/15/2023,70325,Average,f,Adult
EMP1241,Charlie,Davis,30,HR-Illinois,Active,9/5/2020,118959,Average,t,Young-Adult
EMP1242,David,Brown,40,Cloud Tech-California,Pending,3/18/2023,75824,Average,f,Middle-Aged
EMP1243,Charlie,Smith,30,Cloud Tech-Texas,Inactive,3/26/2022,119972,Average,f,Young-Adult
EMP1244,Grace,Davis,40,Sales-Texas,Active,10/11/2021,94964,Good,f,Middle-Aged
EMP1245,Frank,Miller,30,Sales-Nevada,Pending,1/7/2021,103745,Average,f,Young-Adult
EMP1246,Alice,Smith,25,Sales-New York,Inactive,12/3/2020,61338,Average,t,Young-Adult
EMP1247,David,Smith,35,Sales-California,Active,5/28/2021,63741,Poor,t,Adult
EMP1248,Eva,Smith,30,DevOps-California,Pending,12/28/2022,56540,Excellent,t,Young-Adult
EMP1249,Charlie,Williams,30,DevOps-Illinois,Pending,5/24/2023,73633,Good,t,Young-Adult
EMP1250,Alice,Miller,25,Cloud Tech-Texas,Pending,4/28/2024,90374,Good,f,Young-Adult
EMP1251,Grace,Smith,30,DevOps-Texas,Inactive,12/25/2024,93901,Good,f,Young-Adult
EMP1252,Eva,Brown,40,Admin-Nevada,Inactive,9/1/2021,81748,Average,t,Middle-Aged
EMP1253,Charlie,Jones,40,Finance-Florida,Inactive,2/21/2021,73813,Average,f,Middle-Aged
EMP1254,Frank,Smith,35,Finance-New York,Inactive,11/20/2022,89316,Average,f,Adult
EMP1255,Heidi,Williams,25,HR-Florida,Active,10/15/2020,56777,Poor,f,Young-Adult
EMP1256,Grace,Davis,30,Finance-New York,Active,7/24/2024,72921,Excellent,t,Young-Adult
EMP1257,Frank,Miller,30,Admin-Florida,Pending,8/14/2022,84913,Average,t,Young-Adult
EMP1258,Alice,Garcia,25,Finance-Illinois,Inactive,5/8/2021,65060,Excellent,t,Young-Adult
EMP1259,Alice,Williams,35,Finance-Illinois,Pending,10/9/2023,82941,Poor,f,Adult
EMP1260,Bob,Smith,40,Admin-California,Pending,1/19/2022,103470,Good,t,Middle-Aged
EMP1261,Grace,Miller,25,Sales-Illinois,Active,1/12/2022,88726,Average,t,Young-Adult
EMP1262,Heidi,Jones,30,HR-Illinois,Pending,6/5/2023,58317,Excellent,t,Young-Adult
EMP1263,Grace,Smith,35,HR-Illinois,Inactive,3/26/2024,60099,Excellent,t,Adult
EMP1264,Grace,Williams,30,Cloud Tech-Texas,Active,10/7/2020,99951,Average,t,Young-Adult
EMP1265,Heidi,Johnson,30,Sales-Illinois,Active,11/2/2021,115196,Good,t,Young-Adult
EMP1266,Grace,Brown,30,DevOps-California,Pending,11/19/2021,85512,Good,f,Young-Adult
EMP1267,Heidi,Garcia,30,HR-Florida,Active,1/24/2022,73187,Good,f,Young-Adult
EMP1268,Grace,Davis,30,HR-Nevada,Pending,7/12/2023,51865,Poor,t,Young-Adult
EMP1269,David,Williams,25,Sales-Florida,Active,12/9/2022,94032,Excellent,t,Young-Adult
EMP1270,Grace,Miller,30,DevOps-New York,Active,3/18/2023,116374,Excellent,f,Young-Adult
EMP1271,Alice,Garcia,40,HR-Florida,Active,4/25/2022,98335,Excellent,f,Middle-Aged
EMP1272,Heidi,Garcia,25,DevOps-New York,Pending,2/28/2021,89262,Poor,t,Young-Adult
EMP1273,Heidi,Garcia,30,Finance-California,Active,7/30/2022,113849,Excellent,t,Young-Adult
EMP1274,Frank,Smith,35,Sales-Florida,Active,5/19/2021,69530,Poor,t,Adult
EMP1275,Eva,Brown,35,DevOps-New York,Pending,12/14/2023,84230,Good,t,Adult
EMP1276,Eva,Smith,35,Cloud Tech-Illinois,Pending,1/17/2023,76579,Average,f,Adult
EMP1277,Frank,Miller,30,HR-Texas,Inactive,1/2/2024,55532,Excellent,t,Young-Adult
EMP1278,Eva,Smith,40,Admin-New York,Pending,7/9/2021,115312,Excellent,t,Middle-Aged
EMP1279,Charlie,Johnson,25,Sales-Nevada,Pending,5/5/2021,66972,Good,t,Young-Adult
EMP1280,David,Brown,30,Cloud Tech-Texas,Inactive,11/7/2021,100215,Average,t,Young-Adult
EMP1281,Charlie,Brown,25,Sales-New York,Inactive,8/30/2023,115452,Poor,f,Young-Adult
EMP1282,Heidi,Miller,30,HR-California,Inactive,8/15/2023,54141,Average,f,Young-Adult
EMP1283,David,Davis,30,DevOps-Nevada,Active,12/24/2020,79252,Good,f,Young-Adult
EMP1284,Alice,Johnson,40,Finance-New York,Pending,11/21/2024,114823,Good,t,Middle-Aged
EMP1285,Alice,Williams,35,Sales-Illinois,Active,11/17/2021,69919,Average,t,Adult
EMP1286,Heidi,Smith,30,Sales-Florida,Inactive,1/29/2021,106617,Poor,f,Young-Adult
EMP1287,Heidi,Jones,35,DevOps-New York,Active,2/17/2024,73598,Poor,t,Adult
EMP1288,David,Smith,30,Sales-Nevada,Inactive,8/20/2024,79939,Excellent,t,Young-Adult
EMP1289,Grace,Garcia,25,Admin-New York,Inactive,10/24/2021,77997,Poor,f,Young-Adult
EMP1290,Grace,Smith,30,Finance-California,Inactive,9/10/2021,90772,Average,f,Young-Adult
EMP1291,Eva,Williams,35,DevOps-New York,Active,9/29/2023,58276,Good,f,Adult
EMP1292,Grace,Smith,30,DevOps-California,Pending,8/28/2020,94710,Excellent,f,Young-Adult
EMP1293,Frank,Johnson,30,Admin-New York,Active,9/6/2022,60723,Excellent,t,Young-Adult
EMP1294,Frank,Johnson,40,DevOps-Illinois,Inactive,3/31/2024,87626,Good,t,Middle-Aged
EMP1295,David,Brown,30,DevOps-Illinois,Active,12/12/2022,81272,Poor,f,Young-Adult
EMP1296,Bob,Miller,30,Cloud Tech-Texas,Pending,11/1/2022,64151,Good,t,Young-Adult
EMP1297,Charlie,Davis,35,Sales-Florida,Active,10/25/2023,64378,Poor,f,Adult
EMP1298,Bob,Jones,30,Finance-Texas,Inactive,9/27/2020,85927,Good,f,Young-Adult
EMP1299,Alice,Garcia,30,Finance-Nevada,Inactive,1/21/2024,51524,Average,t,Young-Adult
EMP1300,Alice,Smith,30,Sales-Texas,Active,5/17/2022,74117,Poor,f,Young-Adult
EMP1301,Alice,Smith,25,Finance-Texas,Inactive,4/17/2022,62599,Average,t,Young-Adult
EMP1302,Grace,Williams,35,Finance-Florida,Inactive,2/8/2022,55618,Excellent,t,Adult
EMP1303,Charlie,Miller,35,Cloud Tech-New York,Pending,3/15/2022,87019,Good,t,Adult
EMP1304,David,Johnson,25,Cloud Tech-California,Inactive,10/11/2023,100337,Excellent,t,Young-Adult
EMP1305,Grace,Jones,30,Admin-Florida,Inactive,11/13/2020,69295,Excellent,f,Young-Adult
EMP1306,Bob,Brown,25,DevOps-Florida,Pending,4/17/2024,115537,Excellent,t,Young-Adult
EMP1307,David,Johnson,30,Cloud Tech-Texas,Pending,3/9/2020,81251,Excellent,f,Young-Adult
EMP1308,Alice,Garcia,30,DevOps-Texas,Inactive,6/17/2022,66404,Good,f,Young-Adult
EMP1309,Alice,Miller,30,Sales-California,Active,7/28/2024,114148,Excellent,f,Young-Adult
EMP1310,Frank,Garcia,30,HR-New York,Pending,12/3/2022,65473,Good,f,Young-Adult
EMP1311,Alice,Davis,30,Sales-Nevada,Active,7/6/2023,97513,Good,t,Young-Adult
EMP1312,Alice,Brown,35,DevOps-Nevada,Inactive,5/28/2024,86712,Average,t,Adult
EMP1313,Grace,Davis,30,HR-Florida,Active,3/25/2024,87655,Poor,f,Young-Adult
EMP1314,David,Williams,35,DevOps-New York,Inactive,4/28/2020,89367,Poor,f,Adult
EMP1315,Charlie,Garcia,40,Admin-California,Active,11/7/2021,95269,Good,t,Middle-Aged
EMP1316,Frank,Williams,25,Sales-Nevada,Active,4/15/2020,68792,Average,f,Young-Adult
EMP1317,Alice,Smith,25,Admin-Illinois,Pending,10/7/2023,89120,Good,t,Young-Adult
EMP1318,Frank,Davis,35,Cloud Tech-New York,Active,2/27/2024,58212,Good,f,Adult
EMP1319,Heidi,Miller,30,DevOps-Illinois,Pending,2/22/2021,77764,Good,t,Young-Adult
EMP1320,Frank,Garcia,35,Finance-Florida,Pending,8/21/2023,75148,Average,f,Adult
EMP1321,Heidi,Jones,40,Cloud Tech-Nevada,Inactive,4/8/2024,108781,Poor,f,Middle-Aged
EMP1322,Frank,Brown,35,Finance-Texas,Pending,11/4/2024,65489,Average,t,Adult
EMP1323,Eva,Johnson,30,Sales-Illinois,Pending,5/5/2022,70663,Excellent,f,Young-Adult
EMP1324,David,Miller,40,Sales-New York,Inactive,2/1/2023,95823,Average,f,Middle-Aged
EMP1325,Eva,Miller,40,DevOps-Nevada,Pending,10/1/2022,82258,Average,t,Middle-Aged
EMP1326,Frank,Williams,30,Admin-Nevada,Pending,9/27/2022,62883,Average,f,Young-Adult
EMP1327,Alice,Davis,30,Cloud Tech-Texas,Pending,4/9/2020,103504,Average,t,Young-Adult
EMP1328,David,Garcia,25,DevOps-New York,Active,3/23/2021,85401,Poor,t,Young-Adult
EMP1329,Heidi,Garcia,40,Cloud Tech-Texas,Pending,2/3/2023,81251,Excellent,f,Middle-Aged
EMP1330,Eva,Smith,30,HR-Texas,Pending,7/23/2024,98850,Poor,f,Young-Adult
EMP1331,Charlie,Smith,25,Cloud Tech-Illinois,Active,5/8/2021,63435,Poor,f,Young-Adult
EMP1332,Frank,Brown,35,Finance-Texas,Inactive,4/11/2022,82130,Average,f,Adult
EMP1333,David,Williams,35,DevOps-Texas,Pending,10/23/2024,95493,Good,f,Adult
EMP1334,Grace,Miller,40,Finance-Illinois,Inactive,4/24/2020,94572,Good,f,Middle-Aged
EMP1335,Bob,Garcia,40,Finance-Nevada,Inactive,3/4/2023,118413,Poor,f,Middle-Aged
EMP1336,Alice,Jones,30,Admin-Nevada,Pending,8/31/2022,68977,Poor,t,Young-Adult
EMP1337,Eva,Williams,30,Sales-Nevada,Active,1/2/2021,115014,Average,f,Young-Adult
EMP1338,David,Brown,30,Admin-Nevada,Inactive,6/6/2020,70949,Poor,t,Young-Adult
EMP1339,Grace,Brown,30,HR-Florida,Pending,10/13/2020,105335,Average,f,Young-Adult
EMP1340,Bob,Williams,30,DevOps-California,Active,7/19/2020,80596,Good,f,Young-Adult
EMP1341,Frank,Brown,30,Sales-Illinois,Inactive,5/3/2024,72846,Good,t,Young-Adult
EMP1342,Heidi,Williams,40,Admin-California,Pending,2/7/2022,80229,Excellent,f,Middle-Aged
EMP1343,Grace,Johnson,25,Sales-California,Active,12/31/2023,55145,Good,f,Young-Adult
EMP1344,Grace,Williams,30,DevOps-Florida,Inactive,1/8/2022,90856,Poor,t,Young-Adult
EMP1345,Eva,Davis,40,HR-California,Active,9/28/2020,56111,Good,f,Middle-Aged
EMP1346,Grace,Williams,25,Cloud Tech-Texas,Inactive,2/9/2023,56514,Average,f,Young-Adult
EMP1347,Frank,Brown,40,Cloud Tech-California,Inactive,3/5/2022,104542,Good,f,Middle-Aged
EMP1348,David,Garcia,30,Sales-New York,Pending,2/18/2022,61865,Excellent,t,Young-Adult
EMP1349,Eva,Davis,40,Admin-Texas,Active,6/9/2022,69317,Good,f,Middle-Aged
EMP1350,Bob,Brown,35,HR-New York,Pending,7/4/2023,84706,Average,f,Adult
EMP1351,Heidi,Smith,25,Admin-California,Active,3/21/2022,73255,Average,f,Young-Adult
EMP1352,Frank,Smith,40,HR-Florida,Pending,5/2/2023,59529,Poor,f,Middle-Aged
EMP1353,David,Garcia,40,HR-New York,Inactive,10/15/2021,70401,Good,t,Middle-Aged
EMP1354,Heidi,Garcia,30,Admin-California,Inactive,7/28/2021,107155,Average,t,Young-Adult
EMP1355,Bob,Davis,30,Admin-Illinois,Pending,1/3/2021,97720,Excellent,f,Young-Adult
EMP1356,Heidi,Johnson,30,Finance-California,Pending,5/21/2020,107328,Poor,f,Young-Adult
EMP1357,Grace,Garcia,40,Admin-Nevada,Inactive,5/10/2021,67688,Excellent,t,Middle-Aged
EMP1358,Grace,Smith,40,Cloud Tech-Florida,Pending,9/8/2022,90757,Good,t,Middle-Aged
EMP1359,Grace,Williams,30,Cloud Tech-California,Pending,7/21/2024,87583,Good,f,Young-Adult
EMP1360,Bob,Brown,25,Admin-Nevada,Pending,12/28/2021,61644,Good,t,Young-Adult
EMP1361,Grace,Smith,35,Finance-Texas,Active,7/20/2020,68112,Poor,f,Adult
EMP1362,David,Smith,40,HR-Florida,Inactive,4/30/2024,97569,Average,t,Middle-Aged
EMP1363,Charlie,Johnson,35,Cloud Tech-Florida,Active,8/28/2021,79118,Poor,t,Adult
EMP1364,Bob,Davis,30,HR-California,Inactive,7/21/2022,104899,Excellent,t,Young-Adult
EMP1365,Frank,Davis,40,Cloud Tech-Florida,Pending,11/27/2023,81671,Poor,t,Middle-Aged
EMP1366,Alice,Miller,25,Cloud Tech-California,Pending,8/11/2020,97400,Excellent,f,Young-Adult
EMP1367,David,Johnson,30,Admin-Illinois,Active,11/8/2021,89189,Poor,t,Young-Adult
EMP1368,David,Williams,40,DevOps-New York,Active,8/4/2023,96012,Average,t,Middle-Aged
EMP1369,David,Davis,40,Sales-Florida,Inactive,1/10/2020,99331,Excellent,f,Middle-Aged
EMP1370,Bob,Brown,30,Cloud Tech-Illinois,Active,1/19/2022,72819,Good,t,Young-Adult
EMP1371,Eva,Garcia,40,Sales-Nevada,Inactive,5/7/2023,77205,Good,t,Middle-Aged
EMP1372,Bob,Johnson,35,HR-Florida,Pending,12/19/2020,106962,Poor,f,Adult
EMP1373,Eva,Garcia,30,Sales-Texas,Pending,10/1/2020,71923,Good,t,Young-Adult
EMP1374,Bob,Smith,30,HR-Nevada,Active,11/12/2022,77192,Excellent,f,Young-Adult
EMP1375,Grace,Brown,40,Admin-Florida,Pending,1/5/2023,98540,Good,f,Middle-Aged
EMP1376,Charlie,Brown,30,Admin-Florida,Inactive,10/14/2020,63097,Average,f,Young-Adult
EMP1377,Alice,Smith,35,Cloud Tech-Florida,Active,2/3/2021,107065,Average,f,Adult
EMP1378,Heidi,Johnson,40,DevOps-Florida,Inactive,12/25/2023,108792,Poor,t,Middle-Aged
EMP1379,Bob,Smith,30,Cloud Tech-New York,Inactive,3/7/2020,69240,Excellent,f,Young-Adult
EMP1380,Charlie,Garcia,40,Sales-Nevada,Inactive,1/30/2023,85756,Average,t,Middle-Aged
EMP1381,Eva,Miller,30,HR-Illinois,Active,4/5/2024,100329,Average,t,Young-Adult
EMP1382,Grace,Brown,25,DevOps-Nevada,Active,9/1/2021,111237,Excellent,t,Young-Adult
EMP1383,Eva,Jones,35,Cloud Tech-Florida,Active,5/7/2024,106832,Good,t,Adult
EMP1384,Frank,Jones,30,DevOps-Florida,Active,6/15/2023,59746,Good,t,Young-Adult
EMP1385,David,Garcia,25,Sales-California,Pending,7/29/2021,91780,Poor,t,Young-Adult
EMP1386,Eva,Williams,35,Sales-California,Pending,10/23/2023,107063,Good,t,Adult
EMP1387,Grace,Davis,25,HR-Nevada,Active,12/7/2023,110626,Excellent,t,Young-Adult
EMP1388,Frank,Smith,30,DevOps-Florida,Inactive,10/18/2020,90420,Average,t,Young-Adult
EMP1389,Grace,Smith,40,Finance-Texas,Pending,6/15/2024,111609,Good,t,Middle-Aged
EMP1390,Eva,Williams,35,Finance-Florida,Inactive,4/6/2023,50173,Poor,f,Adult
EMP1391,Bob,Williams,40,DevOps-Nevada,Pending,1/3/2022,109507,Good,f,Middle-Aged
EMP1392,Grace,Garcia,30,Finance-New York,Inactive,7/3/2021,72601,Excellent,f,Young-Adult
EMP1393,Charlie,Garcia,30,Finance-California,Pending,4/10/2024,53389,Poor,t,Young-Adult
EMP1394,Heidi,Williams,25,Cloud Tech-New York,Inactive,7/23/2022,50047,Good,f,Young-Adult
EMP1395,David,Brown,30,DevOps-California,Active,11/25/2024,115291,Poor,f,Young-Adult
EMP1396,Frank,Garcia,35,Cloud Tech-California,Pending,8/21/2023,61587,Excellent,f,Adult
EMP1397,Eva,Miller,30,Finance-Nevada,Active,12/12/2023,56663,Average,t,Young-Adult
EMP1398,Bob,Garcia,30,Sales-New York,Pending,10/24/2023,81935,Excellent,t,Young-Adult
EMP1399,Frank,Smith,25,Finance-Nevada,Active,9/5/2022,54958,Excellent,t,Young-Adult
EMP1400,Bob,Garcia,25,HR-California,Inactive,10/7/2020,76790,Excellent,t,Young-Adult
EMP1401,Charlie,Brown,30,Cloud Tech-Illinois,Pending,1/18/2020,92722,Excellent,f,Young-Adult
EMP1402,Frank,Williams,30,DevOps-Nevada,Active,4/23/2022,93125,Average,f,Young-Adult
EMP1403,David,Smith,25,Cloud Tech-New York,Active,4/22/2023,101101,Average,f,Young-Adult
EMP1404,Grace,Garcia,35,Admin-New York,Inactive,8/13/2023,55897,Poor,f,Adult
EMP1405,Eva,Brown,25,DevOps-California,Active,11/26/2022,92485,Good,t,Young-Adult
EMP1406,Grace,Miller,35,DevOps-Texas,Active,10/10/2022,77012,Average,t,Adult
EMP1407,Bob,Garcia,30,Cloud Tech-California,Inactive,9/27/2020,77079,Average,t,Young-Adult
EMP1408,Grace,Brown,35,Sales-Nevada,Active,4/11/2024,82971,Good,f,Adult
EMP1409,Bob,Miller,25,Sales-Texas,Active,6/20/2021,65102,Average,t,Young-Adult
EMP1410,Grace,Williams,30,HR-Nevada,Pending,10/23/2022,103698,Excellent,t,Young-Adult
EMP1411,Grace,Garcia,25,DevOps-Illinois,Pending,6/15/2023,60688,Excellent,f,Young-Adult
EMP1412,Bob,Miller,30,Admin-New York,Pending,10/31/2021,77351,Good,f,Young-Adult
EMP1413,Bob,Smith,35,DevOps-Florida,Pending,9/29/2024,66705,Poor,t,Adult
EMP1414,Grace,Williams,25,Finance-Illinois,Pending,4/22/2020,71650,Poor,t,Young-Adult
EMP1415,Charlie,Smith,25,Cloud Tech-Nevada,Active,12/7/2023,50795,Good,t,Young-Adult
EMP1416,Frank,Jones,30,Sales-Nevada,Inactive,12/7/2020,76031,Good,t,Young-Adult
EMP1417,Eva,Johnson,25,Cloud Tech-California,Inactive,7/11/2021,86670,Excellent,t,Young-Adult
EMP1418,Bob,Garcia,40,Finance-Illinois,Inactive,4/23/2020,84973,Poor,t,Middle-Aged
EMP1419,Frank,Miller,30,HR-Texas,Pending,10/12/2023,100594,Average,f,Young-Adult
EMP1420,Alice,Johnson,25,Cloud Tech-New York,Active,8/24/2022,75478,Excellent,f,Young-Adult
EMP1421,Charlie,Johnson,25,Sales-Nevada,Pending,9/4/2023,79356,Good,f,Young-Adult
EMP1422,Grace,Miller,35,HR-Texas,Pending,2/2/2022,58358,Poor,t,Adult
EMP1423,Alice,Williams,30,Admin-Illinois,Active,4/1/2022,54825,Average,f,Young-Adult
EMP1424,Eva,Garcia,35,HR-Texas,Pending,7/24/2022,50558,Average,t,Adult
EMP1425,Eva,Jones,30,Admin-Florida,Inactive,4/26/2023,118030,Excellent,t,Young-Adult
EMP1426,David,Smith,30,Admin-New York,Active,4/19/2022,51674,Poor,f,Young-Adult
EMP1427,Alice,Brown,35,Cloud Tech-Nevada,Inactive,10/4/2024,101666,Poor,t,Adult
EMP1428,David,Smith,30,Admin-Florida,Inactive,5/2/2020,118079,Good,t,Young-Adult
EMP1429,Eva,Brown,25,Cloud Tech-New York,Pending,4/25/2022,99059,Poor,f,Young-Adult
EMP1430,Bob,Smith,30,Cloud Tech-Illinois,Active,7/29/2023,107397,Poor,f,Young-Adult
EMP1431,Alice,Miller,40,DevOps-New York,Active,8/20/2021,68269,Excellent,f,Middle-Aged
EMP1432,Grace,Jones,35,HR-Florida,Inactive,4/23/2021,55228,Poor,t,Adult
EMP1433,Bob,Garcia,30,Cloud Tech-New York,Inactive,8/12/2022,71982,Average,f,Young-Adult
EMP1434,Frank,Brown,30,Finance-California,Inactive,6/26/2021,109674,Excellent,f,Young-Adult
EMP1435,Eva,Garcia,30,Cloud Tech-New York,Inactive,10/30/2020,56385,Excellent,t,Young-Adult
EMP1436,Frank,Garcia,40,Sales-Texas,Pending,9/4/2021,68212,Good,f,Middle-Aged
EMP1437,Alice,Garcia,40,Finance-Illinois,Pending,1/31/2023,67490,Poor,f,Middle-Aged
EMP1438,Charlie,Davis,25,Cloud Tech-Texas,Active,9/24/2020,63869,Good,f,Young-Adult
EMP1439,Bob,Williams,30,Sales-California,Active,2/14/2020,119801,Average,t,Young-Adult
EMP1440,Heidi,Smith,30,Cloud Tech-California,Active,3/28/2020,115960,Excellent,t,Young-Adult
EMP1441,Grace,Garcia,40,Finance-Texas,Inactive,10/31/2023,79866,Excellent,t,Middle-Aged
EMP1442,Charlie,Smith,35,HR-Florida,Active,3/11/2020,92987,Excellent,t,Adult
EMP1443,Eva,Garcia,40,Finance-Illinois,Inactive,5/4/2020,56141,Average,f,Middle-Aged
EMP1444,Grace,Brown,30,DevOps-Illinois,Active,7/15/2023,119586,Average,t,Young-Adult
EMP1445,Alice,Williams,40,DevOps-California,Inactive,1/20/2023,104700,Good,t,Middle-Aged
EMP1446,Frank,Williams,40,HR-New York,Active,10/15/2021,91798,Good,f,Middle-Aged
EMP1447,Eva,Miller,25,Finance-Illinois,Inactive,4/19/2024,90879,Good,f,Young-Adult
EMP1448,Charlie,Davis,25,Admin-Nevada,Active,6/29/2021,87358,Poor,f,Young-Adult
EMP1449,Alice,Miller,30,Sales-Florida,Inactive,9/14/2024,119408,Excellent,t,Young-Adult
EMP1450,David,Miller,30,HR-Nevada,Pending,1/4/2022,113979,Excellent,t,Young-Adult
EMP1451,Frank,Miller,30,Sales-New York,Pending,1/20/2021,108569,Good,t,Young-Adult
EMP1452,Heidi,Miller,30,HR-New York,Inactive,3/18/2020,56318,Excellent,f,Young-Adult
EMP1453,David,Miller,25,Sales-Florida,Active,11/10/2021,114253,Good,f,Young-Adult
EMP1454,Charlie,Jones,35,DevOps-New York,Inactive,5/1/2020,51534,Poor,t,Adult
EMP1455,Charlie,Williams,25,Sales-California,Active,2/4/2022,99318,Poor,f,Young-Adult
EMP1456,Bob,Miller,35,HR-California,Active,11/18/2020,101265,Average,f,Adult
EMP1457,Heidi,Garcia,35,Admin-Nevada,Pending,11/21/2023,112272,Poor,f,Adult
EMP1458,Frank,Williams,30,DevOps-Illinois,Active,2/13/2022,71478,Good,t,Young-Adult
EMP1459,Charlie,Williams,30,DevOps-Texas,Pending,3/19/2023,77412,Poor,f,Young-Adult
EMP1460,Alice,Johnson,30,Sales-California,Pending,3/28/2021,94775,Average,f,Young-Adult
EMP1461,Heidi,Jones,30,HR-Nevada,Active,5/2/2021,74277,Excellent,t,Young-Adult
EMP1462,Bob,Miller,35,Finance-Texas,Inactive,3/5/2021,67468,Good,t,Adult
EMP1463,Eva,Smith,25,DevOps-Texas,Active,3/1/2022,80675,Excellent,f,Young-Adult
EMP1464,Charlie,Brown,40,Finance-Florida,Inactive,1/23/2023,76274,Average,f,Middle-Aged
EMP1465,David,Davis,30,Finance-Texas,Active,8/26/2021,51405,Average,t,Young-Adult
EMP1466,Bob,Garcia,25,HR-New York,Inactive,11/25/2020,101239,Average,t,Young-Adult
EMP1467,Bob,Smith,35,Sales-Illinois,Inactive,12/13/2023,52170,Excellent,f,Adult
EMP1468,Charlie,Jones,30,Finance-New York,Active,7/26/2020,73177,Excellent,f,Young-Adult
EMP1469,Grace,Brown,30,DevOps-Nevada,Pending,6/27/2021,96242,Excellent,f,Young-Adult
EMP1470,Bob,Jones,25,Finance-Illinois,Pending,9/16/2024,84366,Excellent,f,Young-Adult
EMP1471,Alice,Garcia,40,Cloud Tech-California,Pending,7/4/2023,92015,Average,t,Middle-Aged
EMP1472,Alice,Williams,30,Admin-Nevada,Inactive,6/16/2020,83150,Average,f,Young-Adult
EMP1473,Grace,Brown,40,Finance-Nevada,Inactive,7/5/2020,94931,Good,f,Middle-Aged
EMP1474,Frank,Williams,40,HR-New York,Inactive,4/1/2020,68431,Good,t,Middle-Aged
EMP1475,David,Garcia,35,Sales-Texas,Active,3/20/2024,98753,Excellent,f,Adult
EMP1476,Frank,Smith,30,Finance-Illinois,Active,2/7/2023,54269,Poor,t,Young-Adult
EMP1477,Grace,Garcia,30,DevOps-Florida,Pending,12/10/2024,66495,Poor,f,Young-Adult
EMP1478,Grace,Smith,25,Sales-Illinois,Pending,6/27/2024,90004,Average,f,Young-Adult
EMP1479,Charlie,Brown,25,Finance-New York,Active,3/9/2021,106592,Average,t,Young-Adult
EMP1480,Grace,Brown,25,DevOps-Florida,Active,8/11/2024,93906,Average,t,Young-Adult
EMP1481,Eva,Miller,35,DevOps-Texas,Active,3/5/2022,88945,Good,f,Adult
EMP1482,Eva,Jones,30,Finance-Texas,Pending,6/30/2023,91130,Good,f,Young-Adult
EMP1483,Bob,Miller,40,Admin-New York,Pending,4/19/2023,90787,Average,f,Middle-Aged
EMP1484,Bob,Jones,25,Sales-Texas,Inactive,11/11/2024,87494,Average,t,Young-Adult
EMP1485,Grace,Miller,35,Finance-Nevada,Inactive,3/17/2023,92627,Average,f,Adult
EMP1486,Eva,Williams,40,Admin-Illinois,Pending,10/26/2023,98556,Poor,t,Middle-Aged
EMP1487,Frank,Brown,30,Cloud Tech-Nevada,Inactive,7/4/2021,112792,Good,t,Young-Adult
EMP1488,Eva,Smith,35,HR-Florida,Pending,11/3/2023,56875,Poor,f,Adult
EMP1489,Charlie,Jones,35,DevOps-Florida,Inactive,7/5/2021,101016,Poor,t,Adult
EMP1490,Bob,Garcia,30,Finance-New York,Inactive,2/26/2024,83912,Average,f,Young-Adult
EMP1491,Frank,Jones,25,Sales-New York,Active,9/29/2021,99670,Average,f,Young-Adult
EMP1492,Alice,Smith,30,Admin-New York,Active,5/25/2021,52315,Excellent,f,Young-Adult
EMP1493,Frank,Miller,30,HR-California,Inactive,10/31/2022,77786,Excellent,f,Young-Adult
EMP1494,Alice,Jones,30,HR-Florida,Pending,7/2/2022,62431,Poor,f,Young-Adult
EMP1495,Frank,Davis,35,Admin-California,Pending,8/28/2024,98220,Good,t,Adult
EMP1496,Grace,Williams,25,Admin-Illinois,Active,10/21/2024,65495,Average,t,Young-Adult
EMP1497,David,Brown,35,DevOps-Florida,Pending,2/11/2020,110524,Average,f,Adult
EMP1498,Alice,Smith,40,Admin-Nevada,Active,5/16/2023,106061,Poor,f,Middle-Aged
EMP1499,Eva,Brown,35,Finance-Florida,Inactive,7/29/2022,67640,Excellent,t,Adult
EMP1500,Grace,Davis,30,Cloud Tech-Texas,Pending,9/18/2023,117654,Good,t,Young-Adult
EMP1501,Eva,Jones,35,DevOps-Texas,Inactive,5/10/2020,73540,Excellent,t,Adult
EMP1502,Frank,Jones,35,HR-Nevada,Pending,8/27/2023,70915,Excellent,t,Adult
EMP1503,David,Garcia,25,Sales-Florida,Pending,10/16/2021,97653,Excellent,f,Young-Adult
EMP1504,Heidi,Davis,35,HR-Florida,Inactive,3/6/2022,101571,Excellent,f,Adult
EMP1505,David,Smith,35,DevOps-Nevada,Active,11/6/2023,87424,Average,t,Adult
EMP1506,Frank,Garcia,30,HR-New York,Pending,11/30/2024,89077,Average,f,Young-Adult
EMP1507,Heidi,Williams,30,DevOps-California,Pending,7/13/2024,89132,Excellent,t,Young-Adult
EMP1508,Frank,Garcia,25,Admin-California,Active,3/4/2024,111000,Good,f,Young-Adult
EMP1509,Frank,Johnson,35,HR-Illinois,Inactive,8/7/2022,109585,Poor,t,Adult
EMP1510,Bob,Smith,40,Admin-Illinois,Active,11/11/2024,97649,Good,f,Middle-Aged
EMP1511,Grace,Johnson,25,Admin-New York,Active,12/2/2021,78643,Good,t,Young-Adult
EMP1512,Heidi,Davis,30,HR-Nevada,Active,5/14/2024,55657,Good,t,Young-Adult
EMP1513,Charlie,Miller,35,DevOps-Texas,Active,7/14/2022,69147,Excellent,f,Adult
EMP1514,Charlie,Johnson,30,Admin-Florida,Active,9/22/2020,93014,Average,t,Young-Adult
EMP1515,Grace,Williams,40,Finance-Florida,Active,3/18/2020,87365,Good,f,Middle-Aged
EMP1516,Alice,Garcia,35,Sales-New York,Active,10/17/2023,50289,Excellent,f,Adult
EMP1517,David,Miller,35,HR-New York,Active,2/24/2022,85234,Good,t,Adult
EMP1518,Bob,Garcia,25,HR-California,Inactive,1/30/2024,86420,Good,f,Young-Adult
EMP1519,Grace,Johnson,30,HR-Florida,Inactive,3/16/2024,63190,Excellent,f,Young-Adult
EMP1520,Grace,Garcia,25,Admin-New York,Pending,9/25/2020,64783,Average,f,Young-Adult
EMP1521,Charlie,Davis,25,HR-Nevada,Pending,6/10/2024,52615,Average,f,Young-Adult
EMP1522,Eva,Miller,30,Sales-Texas,Pending,4/8/2020,96338,Poor,f,Young-Adult
EMP1523,Alice,Davis,25,DevOps-Texas,Inactive,6/28/2022,76618,Excellent,t,Young-Adult
EMP1524,Heidi,Johnson,30,Admin-Nevada,Pending,7/14/2023,50651,Poor,f,Young-Adult
EMP1525,Bob,Davis,30,HR-Illinois,Pending,12/6/2023,59601,Poor,f,Young-Adult
EMP1526,Bob,Williams,30,DevOps-Illinois,Active,8/1/2021,57981,Poor,f,Young-Adult
EMP1527,David,Johnson,30,Admin-California,Pending,2/17/2021,75055,Average,f,Young-Adult
EMP1528,Charlie,Johnson,25,Sales-Florida,Active,11/10/2023,115319,Excellent,f,Young-Adult
EMP1529,Alice,Johnson,25,DevOps-Texas,Active,9/6/2024,90191,Poor,t,Young-Adult
EMP1530,Bob,Smith,30,Cloud Tech-Nevada,Pending,7/26/2020,113335,Excellent,f,Young-Adult
EMP1531,Heidi,Garcia,35,HR-Florida,Active,7/23/2020,106922,Excellent,t,Adult
EMP1532,Eva,Smith,35,DevOps-California,Inactive,2/21/2024,58113,Average,t,Adult
EMP1533,Alice,Smith,25,Admin-Nevada,Pending,12/15/2020,73006,Poor,t,Young-Adult
EMP1534,Eva,Williams,25,HR-California,Active,8/21/2020,78054,Poor,t,Young-Adult
EMP1535,Eva,Miller,40,DevOps-Florida,Inactive,8/21/2023,112029,Excellent,f,Middle-Aged
EMP1536,Charlie,Garcia,25,Admin-Texas,Inactive,4/24/2023,83787,Good,t,Young-Adult
EMP1537,Heidi,Davis,30,Sales-Florida,Inactive,6/6/2023,52017,Average,t,Young-Adult
EMP1538,Charlie,Jones,40,Finance-Texas,Inactive,6/21/2022,53218,Average,f,Middle-Aged
EMP1539,Frank,Johnson,25,DevOps-Nevada,Pending,4/20/2024,102054,Average,f,Young-Adult
EMP1540,David,Davis,35,Sales-Illinois,Pending,12/5/2023,93277,Average,f,Adult
EMP1541,David,Johnson,40,HR-Nevada,Pending,8/6/2023,76941,Poor,t,Middle-Aged
EMP1542,Alice,Williams,25,DevOps-New York,Pending,10/4/2024,82850,Poor,f,Young-Adult
EMP1543,Charlie,Johnson,25,Finance-California,Active,11/8/2021,117910,Good,f,Young-Adult
EMP1544,David,Smith,30,DevOps-Florida,Inactive,7/31/2024,66450,Average,t,Young-Adult
EMP1545,Heidi,Garcia,25,Finance-Florida,Inactive,8/31/2020,118647,Average,f,Young-Adult
EMP1546,Alice,Jones,25,Finance-Florida,Active,2/15/2023,88437,Excellent,f,Young-Adult
EMP1547,Eva,Brown,30,Sales-New York,Pending,10/7/2023,81935,Poor,f,Young-Adult
EMP1548,Alice,Johnson,30,Finance-California,Pending,4/20/2024,93383,Average,f,Young-Adult
EMP1549,Frank,Davis,40,Cloud Tech-Texas,Pending,3/30/2021,50154,Good,t,Middle-Aged
EMP1550,Eva,Smith,30,Sales-California,Pending,8/5/2020,53204,Good,f,Young-Adult
EMP1551,Charlie,Brown,40,Cloud Tech-California,Pending,2/5/2021,63128,Poor,f,Middle-Aged
EMP1552,Grace,Jones,30,Finance-New York,Pending,11/23/2021,57544,Good,t,Young-Adult
EMP1553,Bob,Brown,40,Finance-Nevada,Pending,10/29/2022,59425,Good,f,Middle-Aged
EMP1554,Alice,Smith,30,Finance-Illinois,Inactive,11/7/2022,104676,Poor,t,Young-Adult
EMP1555,Charlie,Garcia,30,Cloud Tech-Florida,Pending,5/14/2023,92431,Average,f,Young-Adult
EMP1556,Grace,Garcia,40,Sales-Nevada,Active,7/14/2021,77851,Average,t,Middle-Aged
EMP1557,Eva,Miller,40,Admin-New York,Inactive,5/18/2023,99001,Good,t,Middle-Aged
EMP1558,Eva,Garcia,30,HR-Nevada,Pending,2/7/2023,94281,Good,t,Young-Adult
EMP1559,Eva,Miller,35,DevOps-New York,Pending,8/24/2023,118263,Average,t,Adult
EMP1560,Frank,Brown,25,HR-Illinois,Inactive,4/8/2023,89945,Poor,f,Young-Adult
EMP1561,Grace,Williams,30,HR-Florida,Active,12/6/2022,57453,Good,t,Young-Adult
EMP1562,Alice,Davis,25,Admin-California,Active,8/9/2021,97837,Excellent,f,Young-Adult
EMP1563,Alice,Davis,35,Admin-Illinois,Active,1/4/2022,106982,Poor,t,Adult
EMP1564,David,Brown,30,Finance-New York,Pending,5/25/2024,105778,Good,t,Young-Adult
EMP1565,Alice,Johnson,40,Finance-Florida,Pending,10/2/2021,117608,Good,t,Middle-Aged
EMP1566,Eva,Johnson,30,Sales-Florida,Active,7/21/2023,99324,Excellent,f,Young-Adult
EMP1567,David,Garcia,30,HR-Florida,Active,10/30/2023,55213,Excellent,t,Young-Adult
EMP1568,Bob,Davis,40,Cloud Tech-Florida,Inactive,2/13/2023,68497,Average,f,Middle-Aged
EMP1569,Eva,Davis,25,HR-Florida,Pending,11/13/2020,52796,Poor,f,Young-Adult
EMP1570,Alice,Miller,30,DevOps-California,Inactive,6/5/2024,90087,Poor,f,Young-Adult
EMP1571,Frank,Williams,30,Admin-New York,Pending,5/19/2020,105038,Average,f,Young-Adult
EMP1572,Grace,Smith,25,HR-New York,Active,9/20/2023,73232,Poor,f,Young-Adult
EMP1573,David,Johnson,30,Sales-Florida,Pending,8/13/2024,102649,Poor,f,Young-Adult
EMP1574,Bob,Davis,35,Finance-New York,Pending,6/10/2023,114303,Poor,f,Adult
EMP1575,Alice,Miller,35,Finance-Texas,Inactive,6/9/2021,87817,Poor,f,Adult
EMP1576,Frank,Jones,30,Sales-Florida,Inactive,3/30/2020,70750,Poor,f,Young-Adult
EMP1577,Frank,Miller,30,Cloud Tech-Texas,Active,5/2/2024,81251,Excellent,t,Young-Adult
EMP1578,Bob,Johnson,30,DevOps-Nevada,Active,11/6/2024,97978,Poor,t,Young-Adult
EMP1579,David,Johnson,30,DevOps-Nevada,Inactive,8/17/2023,107173,Excellent,t,Young-Adult
EMP1580,Charlie,Miller,25,Finance-Nevada,Inactive,3/18/2020,56126,Poor,t,Young-Adult
EMP1581,Eva,Smith,30,Cloud Tech-Illinois,Active,6/13/2021,78534,Average,t,Young-Adult
EMP1582,Grace,Brown,40,HR-Texas,Inactive,10/10/2023,91600,Good,f,Middle-Aged
EMP1583,Bob,Johnson,30,Cloud Tech-Nevada,Active,1/2/2022,114963,Excellent,f,Young-Adult
EMP1584,Eva,Miller,30,Cloud Tech-California,Inactive,2/20/2022,77658,Poor,f,Young-Adult
EMP1585,Heidi,Davis,30,Sales-New York,Active,3/9/2024,77369,Average,f,Young-Adult
EMP1586,Eva,Miller,30,HR-Nevada,Pending,8/19/2023,76119,Good,f,Young-Adult
EMP1587,Charlie,Williams,25,Cloud Tech-Texas,Pending,5/6/2023,77586,Excellent,f,Young-Adult
EMP1588,Bob,Brown,35,Admin-Nevada,Pending,1/26/2024,74070,Good,f,Adult
EMP1589,Charlie,Jones,30,Admin-New York,Pending,9/5/2024,67692,Average,t,Young-Adult
EMP1590,Alice,Smith,30,Finance-Nevada,Pending,5/29/2020,70346,Excellent,t,Young-Adult
EMP1591,Bob,Garcia,30,DevOps-Illinois,Inactive,11/8/2021,75000,Good,t,Young-Adult
EMP1592,David,Jones,25,HR-Illinois,Active,1/31/2021,72245,Poor,t,Young-Adult
EMP1593,Eva,Brown,30,Admin-Illinois,Pending,1/16/2022,106539,Excellent,f,Young-Adult
EMP1594,Charlie,Brown,25,HR-New York,Active,12/29/2023,101787,Good,f,Young-Adult
EMP1595,Frank,Brown,30,DevOps-Nevada,Inactive,12/2/2024,83597,Average,f,Young-Adult
EMP1596,Eva,Jones,40,Sales-Texas,Active,8/15/2023,92464,Average,t,Middle-Aged
EMP1597,Charlie,Davis,30,Admin-California,Pending,12/20/2024,93863,Excellent,f,Young-Adult
EMP1598,Alice,Brown,30,DevOps-Texas,Pending,3/31/2023,78359,Good,f,Young-Adult
EMP1599,Alice,Miller,30,HR-Illinois,Pending,8/24/2022,95774,Excellent,f,Young-Adult
EMP1600,Grace,Jones,30,Sales-Nevada,Inactive,10/1/2020,82529,Excellent,t,Young-Adult
EMP1601,Grace,Garcia,35,Sales-Texas,Pending,5/4/2021,109359,Good,f,Adult
EMP1602,Charlie,Brown,30,Admin-Florida,Active,1/1/2021,89645,Good,t,Young-Adult
EMP1603,Charlie,Miller,40,HR-Texas,Active,4/8/2024,84135,Poor,t,Middle-Aged
EMP1604,Frank,Davis,30,Cloud Tech-Nevada,Active,11/26/2022,113541,Good,t,Young-Adult
EMP1605,Heidi,Williams,40,Cloud Tech-Texas,Pending,10/25/2021,57226,Average,t,Middle-Aged
EMP1606,Eva,Davis,35,Sales-Illinois,Pending,12/22/2020,76366,Excellent,f,Adult
EMP1607,Bob,Garcia,30,HR-Florida,Active,11/23/2022,78409,Excellent,t,Young-Adult
EMP1608,Frank,Brown,40,Finance-Illinois,Active,10/24/2022,111742,Average,t,Middle-Aged
EMP1609,David,Garcia,25,Sales-Nevada,Inactive,3/9/2021,60517,Good,f,Young-Adult
EMP1610,Bob,Jones,30,Finance-California,Pending,8/20/2020,83706,Average,f,Young-Adult
EMP1611,David,Johnson,30,Admin-Nevada,Inactive,2/15/2020,67057,Average,t,Young-Adult
EMP1612,Charlie,Brown,30,DevOps-Illinois,Active,12/29/2024,90059,Poor,f,Young-Adult
EMP1613,Eva,Johnson,30,Sales-Florida,Pending,2/28/2023,94634,Average,t,Young-Adult
EMP1614,Eva,Miller,25,Admin-Florida,Pending,8/23/2022,110711,Excellent,t,Young-Adult
EMP1615,Grace,Williams,30,Admin-Illinois,Active,6/30/2023,96175,Average,t,Young-Adult
EMP1616,Frank,Smith,40,Sales-Illinois,Active,4/15/2021,76475,Excellent,t,Middle-Aged
EMP1617,Alice,Garcia,30,Sales-Illinois,Pending,5/9/2022,107856,Excellent,f,Young-Adult
EMP1618,Charlie,Davis,40,Sales-Illinois,Active,12/2/2024,104871,Excellent,t,Middle-Aged
EMP1619,Bob,Williams,25,Finance-Nevada,Active,5/20/2023,73896,Good,f,Young-Adult
EMP1620,Grace,Brown,30,Finance-California,Active,11/29/2023,87087,Poor,f,Young-Adult
EMP1621,Heidi,Johnson,40,HR-Illinois,Pending,4/8/2024,108603,Excellent,f,Middle-Aged
EMP1622,Grace,Davis,30,HR-Florida,Active,10/25/2024,55867,Excellent,f,Young-Adult
EMP1623,Grace,Johnson,35,Admin-Texas,Pending,3/2/2024,105260,Good,t,Adult
EMP1624,Bob,Jones,30,Cloud Tech-Florida,Pending,2/24/2021,98144,Excellent,f,Young-Adult
EMP1625,Frank,Johnson,25,Admin-Florida,Pending,4/13/2023,67754,Average,t,Young-Adult
EMP1626,Grace,Jones,30,HR-Illinois,Inactive,10/25/2023,77822,Average,f,Young-Adult
EMP1627,Heidi,Miller,30,HR-Illinois,Pending,9/17/2022,67764,Poor,f,Young-Adult
EMP1628,Frank,Davis,40,DevOps-New York,Pending,8/31/2020,102347,Excellent,t,Middle-Aged
EMP1629,Charlie,Davis,25,Admin-Illinois,Inactive,5/28/2024,73691,Good,t,Young-Adult
EMP1630,Alice,Smith,30,Finance-Nevada,Active,7/5/2024,56376,Average,t,Young-Adult
EMP1631,Grace,Brown,25,Cloud Tech-California,Active,1/29/2022,55603,Good,f,Young-Adult
EMP1632,Grace,Jones,40,Sales-Nevada,Pending,8/9/2021,99812,Good,f,Middle-Aged
EMP1633,Charlie,Smith,40,Finance-Texas,Active,10/7/2024,95982,Average,t,Middle-Aged
EMP1634,Eva,Johnson,30,Cloud Tech-Illinois,Pending,11/22/2022,98891,Good,t,Young-Adult
EMP1635,Alice,Johnson,35,Admin-Nevada,Active,11/18/2020,56079,Average,t,Adult
EMP1636,Grace,Smith,35,DevOps-Florida,Inactive,4/15/2023,90856,Good,t,Adult
EMP1637,Bob,Davis,25,Sales-California,Pending,8/26/2024,89138,Average,f,Young-Adult
EMP1638,Frank,Johnson,35,Admin-Illinois,Active,7/20/2022,115080,Excellent,t,Adult
EMP1639,Eva,Garcia,30,Finance-Illinois,Active,2/18/2023,55067,Poor,t,Young-Adult
EMP1640,Bob,Miller,30,HR-Illinois,Pending,5/27/2021,98593,Average,t,Young-Adult
EMP1641,Heidi,Miller,30,HR-Florida,Pending,8/1/2022,112757,Average,t,Young-Adult
EMP1642,Heidi,Garcia,25,HR-Texas,Inactive,7/21/2023,105206,Poor,f,Young-Adult
EMP1643,David,Smith,35,Finance-California,Pending,1/2/2023,50681,Average,t,Adult
EMP1644,David,Garcia,35,Cloud Tech-Florida,Pending,3/13/2024,107475,Average,f,Adult
EMP1645,Charlie,Jones,40,HR-California,Active,3/20/2023,68835,Good,t,Middle-Aged
EMP1646,David,Jones,40,DevOps-New York,Active,2/15/2024,66944,Poor,t,Middle-Aged
EMP1647,David,Smith,30,Admin-Illinois,Inactive,11/15/2020,104526,Excellent,f,Young-Adult
EMP1648,Bob,Garcia,40,Sales-Texas,Pending,3/27/2020,109361,Average,t,Middle-Aged
EMP1649,Frank,Jones,40,Sales-California,Inactive,1/9/2021,118908,Poor,f,Middle-Aged
EMP1650,Eva,Davis,40,Admin-Illinois,Active,4/20/2020,86801,Good,f,Middle-Aged
EMP1651,Alice,Garcia,30,HR-Florida,Pending,5/8/2024,62236,Excellent,t,Young-Adult
EMP1652,Heidi,Davis,35,DevOps-Texas,Active,10/12/2023,64753,Poor,f,Adult
EMP1653,Frank,Jones,35,Sales-California,Active,1/28/2023,68399,Excellent,f,Adult
EMP1654,Frank,Miller,35,Admin-Florida,Inactive,3/7/2021,79337,Excellent,f,Adult
EMP1655,Frank,Jones,40,HR-Florida,Active,3/16/2023,59180,Excellent,f,Middle-Aged
EMP1656,David,Davis,25,DevOps-California,Active,2/11/2023,80255,Average,f,Young-Adult
EMP1657,Charlie,Williams,30,Finance-Texas,Active,5/13/2022,84972,Average,f,Young-Adult
EMP1658,Frank,Brown,40,HR-California,Pending,10/24/2024,89748,Good,f,Middle-Aged
EMP1659,Charlie,Johnson,25,Admin-California,Inactive,9/14/2024,94090,Good,f,Young-Adult
EMP1660,Frank,Garcia,35,HR-California,Pending,2/15/2023,115229,Poor,t,Adult
EMP1661,Alice,Williams,40,Cloud Tech-California,Pending,5/25/2023,63927,Good,t,Middle-Aged
EMP1662,Charlie,Jones,35,HR-California,Pending,11/11/2022,84125,Excellent,f,Adult
EMP1663,Bob,Miller,40,Sales-California,Inactive,7/17/2023,116962,Excellent,t,Middle-Aged
EMP1664,Frank,Smith,40,DevOps-Illinois,Pending,4/8/2022,109423,Average,f,Middle-Aged
EMP1665,Charlie,Jones,35,Admin-California,Inactive,8/30/2023,70395,Excellent,f,Adult
EMP1666,Grace,Miller,35,Finance-California,Pending,4/17/2023,86466,Poor,t,Adult
EMP1667,Charlie,Brown,30,Cloud Tech-New York,Pending,4/25/2021,96342,Excellent,f,Young-Adult
EMP1668,Bob,Jones,30,Admin-Florida,Active,7/14/2020,54465,Excellent,f,Young-Adult
EMP1669,Alice,Davis,25,Finance-Illinois,Active,7/31/2020,68372,Poor,f,Young-Adult
EMP1670,Grace,Smith,35,Admin-New York,Pending,8/4/2021,81021,Good,f,Adult
EMP1671,Charlie,Miller,25,Cloud Tech-Nevada,Inactive,10/28/2024,114069,Good,t,Young-Adult
EMP1672,Heidi,Miller,30,HR-Illinois,Inactive,10/3/2020,117868,Poor,f,Young-Adult
EMP1673,Charlie,Miller,30,Sales-Florida,Pending,3/13/2024,94510,Average,f,Young-Adult
EMP1674,Eva,Brown,35,Finance-Illinois,Active,7/6/2024,56269,Excellent,f,Adult
EMP1675,Grace,Jones,35,Admin-California,Active,1/1/2020,86632,Poor,t,Adult
EMP1676,Charlie,Brown,35,HR-Florida,Pending,1/18/2020,98144,Excellent,f,Adult
EMP1677,Heidi,Garcia,35,Cloud Tech-Florida,Inactive,5/7/2023,97046,Average,t,Adult
EMP1678,Frank,Johnson,30,Finance-Illinois,Inactive,3/19/2022,67493,Excellent,t,Young-Adult
EMP1679,Grace,Johnson,40,Admin-California,Active,5/14/2022,93773,Poor,f,Middle-Aged
EMP1680,Eva,Garcia,35,DevOps-Nevada,Pending,7/14/2024,68818,Excellent,f,Adult
EMP1681,Bob,Jones,30,Admin-California,Active,7/28/2023,81874,Good,t,Young-Adult
EMP1682,Heidi,Davis,30,HR-Texas,Active,4/11/2020,117880,Average,f,Young-Adult
EMP1683,Bob,Brown,35,HR-New York,Pending,6/16/2022,100897,Average,t,Adult
EMP1684,Charlie,Smith,25,Finance-New York,Inactive,5/10/2022,71810,Average,t,Young-Adult
EMP1685,Frank,Miller,40,DevOps-Texas,Inactive,6/13/2020,109048,Poor,f,Middle-Aged
EMP1686,Alice,Miller,35,Finance-Texas,Pending,8/20/2022,62712,Average,f,Adult
EMP1687,Eva,Jones,40,Cloud Tech-Texas,Pending,5/24/2021,76936,Good,t,Middle-Aged
EMP1688,David,Davis,25,Admin-Florida,Pending,4/27/2024,56577,Poor,t,Young-Adult
EMP1689,David,Johnson,40,Finance-Nevada,Inactive,10/23/2021,61103,Good,t,Middle-Aged
EMP1690,Bob,Johnson,35,Finance-Nevada,Inactive,2/10/2021,75230,Excellent,t,Adult
EMP1691,David,Miller,25,Admin-Nevada,Inactive,10/26/2021,51055,Excellent,f,Young-Adult
EMP1692,Bob,Jones,40,Admin-Texas,Active,4/5/2023,104843,Excellent,f,Middle-Aged
EMP1693,Charlie,Brown,35,Cloud Tech-New York,Active,10/20/2022,56398,Excellent,f,Adult
EMP1694,Alice,Johnson,25,HR-Nevada,Active,12/7/2023,87545,Good,f,Young-Adult
EMP1695,Heidi,Brown,30,HR-Illinois,Pending,3/29/2024,74312,Poor,f,Young-Adult
EMP1696,David,Davis,25,DevOps-Florida,Inactive,1/23/2024,59431,Poor,t,Young-Adult
EMP1697,Heidi,Johnson,40,Sales-California,Pending,11/28/2023,84306,Average,f,Middle-Aged
EMP1698,Frank,Johnson,35,DevOps-Florida,Inactive,11/11/2024,108194,Good,f,Adult
EMP1699,Charlie,Williams,25,Sales-New York,Inactive,8/28/2021,107359,Excellent,f,Young-Adult
EMP1700,Heidi,Johnson,25,DevOps-Illinois,Inactive,2/11/2024,81910,Good,f,Young-Adult
EMP1701,Frank,Garcia,30,Admin-California,Pending,5/9/2020,96080,Average,f,Young-Adult
EMP1702,Grace,Smith,30,Sales-Nevada,Inactive,4/17/2024,88603,Average,t,Young-Adult
EMP1703,Frank,Garcia,40,DevOps-California,Active,7/16/2020,86624,Good,t,Middle-Aged
EMP1704,Charlie,Jones,30,Cloud Tech-New York,Active,9/21/2022,63413,Good,t,Young-Adult
EMP1705,Grace,Jones,40,Sales-Illinois,Pending,4/23/2023,67916,Good,f,Middle-Aged
EMP1706,Bob,Brown,25,Admin-Nevada,Inactive,12/27/2024,108245,Poor,t,Young-Adult
EMP1707,Alice,Garcia,35,Sales-Nevada,Inactive,8/10/2024,75835,Excellent,t,Adult
EMP1708,Eva,Garcia,30,Cloud Tech-Nevada,Active,9/4/2024,71273,Good,f,Young-Adult
EMP1709,Bob,Garcia,25,DevOps-New York,Pending,2/28/2022,63262,Good,f,Young-Adult
EMP1710,David,Davis,30,DevOps-New York,Pending,3/14/2024,89070,Good,f,Young-Adult
EMP1711,Frank,Johnson,40,DevOps-Nevada,Inactive,12/13/2024,57287,Average,t,Middle-Aged
EMP1712,Grace,Smith,30,HR-Nevada,Active,12/29/2022,119890,Average,t,Young-Adult
EMP1713,Frank,Brown,35,Sales-California,Inactive,4/24/2022,103493,Poor,f,Adult
EMP1714,Frank,Garcia,30,Admin-Illinois,Pending,3/14/2021,76254,Excellent,f,Young-Adult
EMP1715,Eva,Garcia,35,Finance-Florida,Inactive,1/1/2020,100842,Poor,t,Adult
EMP1716,Alice,Williams,30,Admin-California,Active,9/7/2021,118908,Excellent,t,Young-Adult
EMP1717,Frank,Brown,25,DevOps-California,Pending,11/13/2022,88943,Average,f,Young-Adult
EMP1718,Charlie,Garcia,25,Cloud Tech-Florida,Inactive,11/15/2020,59689,Average,f,Young-Adult
EMP1719,David,Brown,30,HR-California,Active,3/14/2023,77986,Average,t,Young-Adult
EMP1720,Bob,Johnson,35,Finance-New York,Inactive,8/18/2024,112932,Poor,f,Adult
EMP1721,Bob,Williams,30,DevOps-California,Active,2/5/2024,106584,Good,t,Young-Adult
EMP1722,Alice,Brown,35,HR-Florida,Inactive,11/12/2024,58438,Good,t,Adult
EMP1723,Alice,Smith,40,Cloud Tech-California,Pending,3/25/2020,72352,Average,t,Middle-Aged
EMP1724,Frank,Smith,30,DevOps-New York,Active,4/13/2020,97154,Good,t,Young-Adult
EMP1725,Heidi,Jones,30,Sales-Illinois,Active,3/30/2021,80236,Good,f,Young-Adult
EMP1726,Charlie,Williams,30,HR-Texas,Inactive,3/16/2023,102172,Poor,f,Young-Adult
EMP1727,Eva,Williams,25,Finance-Illinois,Inactive,5/3/2024,98851,Excellent,t,Young-Adult
EMP1728,Heidi,Jones,30,Admin-Florida,Inactive,8/28/2023,89993,Average,t,Young-Adult
EMP1729,David,Brown,30,Cloud Tech-California,Inactive,10/24/2021,97932,Average,t,Young-Adult
EMP1730,Bob,Williams,40,Finance-California,Inactive,1/25/2021,72452,Poor,t,Middle-Aged
EMP1731,Alice,Smith,35,Admin-California,Pending,8/9/2024,119311,Poor,t,Adult
EMP1732,Charlie,Smith,40,Cloud Tech-New York,Active,11/4/2023,76167,Good,f,Middle-Aged
EMP1733,Bob,Garcia,25,DevOps-Texas,Active,6/25/2023,114871,Average,f,Young-Adult
EMP1734,Eva,Johnson,25,HR-Nevada,Active,9/16/2021,81504,Excellent,f,Young-Adult
EMP1735,David,Williams,30,Admin-New York,Pending,12/7/2022,102525,Poor,f,Young-Adult
EMP1736,Charlie,Brown,25,Finance-Illinois,Pending,12/14/2022,53044,Excellent,t,Young-Adult
EMP1737,Eva,Jones,30,DevOps-Illinois,Inactive,4/18/2020,82547,Excellent,t,Young-Adult
EMP1738,Bob,Jones,40,DevOps-California,Pending,10/11/2024,113901,Average,t,Middle-Aged
EMP1739,Bob,Brown,25,HR-Nevada,Inactive,4/18/2021,118586,Average,t,Young-Adult
EMP1740,Bob,Davis,35,Finance-Illinois,Pending,6/29/2020,63049,Poor,t,Adult
EMP1741,Heidi,Miller,30,DevOps-Texas,Active,5/21/2021,114559,Average,f,Young-Adult
EMP1742,Heidi,Johnson,40,DevOps-New York,Active,12/11/2021,97902,Average,t,Middle-Aged
EMP1743,Eva,Jones,30,Sales-California,Active,7/5/2023,68038,Average,f,Young-Adult
EMP1744,Alice,Williams,30,HR-New York,Active,11/30/2021,112802,Excellent,f,Young-Adult
EMP1745,Bob,Johnson,40,Sales-Nevada,Pending,11/22/2024,93787,Poor,f,Middle-Aged
EMP1746,David,Williams,30,Admin-Florida,Inactive,5/24/2023,73050,Good,f,Young-Adult
EMP1747,David,Davis,30,Sales-Illinois,Pending,6/26/2024,64162,Excellent,t,Young-Adult
EMP1748,Charlie,Smith,40,Admin-Nevada,Pending,11/19/2020,72225,Average,f,Middle-Aged
EMP1749,Bob,Johnson,30,HR-New York,Pending,3/1/2020,103580,Excellent,f,Young-Adult
EMP1750,Grace,Garcia,40,HR-Florida,Pending,8/9/2024,112589,Average,f,Middle-Aged
EMP1751,Eva,Jones,30,Admin-Texas,Active,1/13/2021,51834,Average,t,Young-Adult
EMP1752,Eva,Johnson,30,Sales-Illinois,Active,5/6/2023,66253,Excellent,t,Young-Adult
EMP1753,Frank,Johnson,25,DevOps-Florida,Active,10/25/2022,109230,Poor,t,Young-Adult
EMP1754,Frank,Johnson,30,Finance-Florida,Inactive,10/8/2020,61465,Average,f,Young-Adult
EMP1755,Grace,Miller,25,HR-Florida,Active,2/29/2024,96994,Poor,f,Young-Adult
EMP1756,David,Johnson,25,Admin-Florida,Pending,9/30/2022,98150,Good,t,Young-Adult
EMP1757,David,Williams,40,Finance-Texas,Pending,2/14/2024,107703,Average,f,Middle-Aged
EMP1758,Grace,Smith,30,DevOps-Illinois,Pending,1/3/2023,86766,Poor,t,Young-Adult
EMP1759,Alice,Davis,30,Cloud Tech-Florida,Inactive,8/20/2024,111444,Poor,t,Young-Adult
EMP1760,David,Brown,30,Sales-Florida,Pending,3/21/2020,89039,Good,f,Young-Adult
EMP1761,Alice,Johnson,30,HR-Florida,Inactive,12/16/2024,71319,Poor,f,Young-Adult
EMP1762,Heidi,Jones,30,Finance-California,Pending,4/21/2020,98297,Poor,f,Young-Adult
EMP1763,Heidi,Johnson,40,Cloud Tech-Nevada,Pending,8/19/2020,62584,Good,f,Middle-Aged
EMP1764,Charlie,Jones,40,Finance-California,Inactive,2/21/2020,62522,Average,t,Middle-Aged
EMP1765,David,Williams,40,Cloud Tech-California,Inactive,11/17/2023,95400,Poor,t,Middle-Aged
EMP1766,Charlie,Jones,25,Cloud Tech-Texas,Pending,7/9/2022,94385,Poor,t,Young-Adult
EMP1767,Grace,Garcia,30,Sales-New York,Inactive,2/1/2023,76642,Poor,t,Young-Adult
EMP1768,Frank,Brown,30,DevOps-New York,Active,11/14/2024,60123,Excellent,t,Young-Adult
EMP1769,Alice,Smith,40,HR-California,Pending,4/23/2024,117268,Good,f,Middle-Aged
EMP1770,Charlie,Jones,25,Admin-New York,Active,6/29/2023,77997,Excellent,t,Young-Adult
EMP1771,Heidi,Jones,40,Sales-Texas,Pending,12/12/2024,84543,Good,t,Middle-Aged
EMP1772,Heidi,Smith,40,Finance-Florida,Active,5/16/2023,92007,Average,t,Middle-Aged
EMP1773,Eva,Brown,30,DevOps-Illinois,Active,4/10/2020,62939,Average,f,Young-Adult
EMP1774,Frank,Johnson,25,Admin-Texas,Pending,3/29/2023,108661,Poor,f,Young-Adult
EMP1775,Bob,Jones,25,Cloud Tech-Florida,Active,11/26/2020,97046,Good,f,Young-Adult
EMP1776,Charlie,Smith,40,DevOps-Illinois,Inactive,3/14/2020,56519,Average,f,Middle-Aged
EMP1777,Frank,Garcia,40,Cloud Tech-Florida,Pending,5/12/2020,70498,Good,t,Middle-Aged
EMP1778,Eva,Garcia,35,Sales-Florida,Pending,3/5/2021,98708,Average,t,Adult
EMP1779,Bob,Williams,30,DevOps-Nevada,Pending,6/28/2020,83856,Excellent,f,Young-Adult
EMP1780,Eva,Smith,40,Sales-California,Inactive,12/12/2022,90260,Average,f,Middle-Aged
EMP1781,Charlie,Williams,30,Sales-Florida,Pending,2/2/2024,94230,Excellent,t,Young-Adult
EMP1782,Charlie,Garcia,30,Admin-Nevada,Inactive,1/31/2021,50111,Average,t,Young-Adult
EMP1783,Bob,Brown,30,Sales-Florida,Inactive,4/3/2020,73365,Poor,f,Young-Adult
EMP1784,David,Johnson,25,DevOps-New York,Pending,7/30/2021,67809,Excellent,f,Young-Adult
EMP1785,Eva,Smith,30,Sales-California,Active,8/21/2020,98009,Average,f,Young-Adult
EMP1786,Alice,Davis,30,Admin-California,Inactive,10/9/2023,83538,Poor,f,Young-Adult
EMP1787,Alice,Garcia,30,Finance-New York,Pending,8/1/2022,112444,Excellent,t,Young-Adult
EMP1788,Frank,Garcia,40,Finance-Nevada,Active,9/6/2024,86475,Poor,t,Middle-Aged
EMP1789,Frank,Davis,30,Sales-Texas,Active,3/28/2023,97985,Good,t,Young-Adult
EMP1790,Frank,Miller,25,Admin-California,Active,11/25/2021,118853,Good,f,Young-Adult
EMP1791,Charlie,Garcia,30,Sales-Florida,Active,5/3/2023,58179,Excellent,f,Young-Adult
EMP1792,Eva,Jones,35,DevOps-Texas,Inactive,4/27/2022,56076,Average,t,Adult
EMP1793,Frank,Brown,40,HR-New York,Pending,9/11/2021,62251,Excellent,t,Middle-Aged
EMP1794,Alice,Smith,30,Cloud Tech-Florida,Pending,2/21/2020,105932,Poor,t,Young-Adult
EMP1795,Charlie,Davis,30,HR-Florida,Pending,11/24/2024,86654,Average,t,Young-Adult
EMP1796,Charlie,Jones,25,Sales-Nevada,Active,2/24/2021,100720,Good,f,Young-Adult
EMP1797,Bob,Davis,25,HR-Texas,Pending,10/2/2024,91600,Average,t,Young-Adult
EMP1798,Heidi,Smith,25,Cloud Tech-Illinois,Pending,3/6/2024,71874,Good,t,Young-Adult
EMP1799,Eva,Williams,30,HR-New York,Active,8/9/2021,69365,Average,t,Young-Adult
EMP1800,Heidi,Smith,25,HR-New York,Active,7/14/2021,58012,Average,t,Young-Adult
EMP1801,Bob,Miller,30,Sales-California,Pending,10/14/2021,68974,Average,t,Young-Adult
EMP1802,Eva,Smith,30,Admin-New York,Active,9/29/2021,92928,Poor,t,Young-Adult
EMP1803,Heidi,Smith,25,Admin-Texas,Inactive,10/15/2023,53532,Poor,t,Young-Adult
EMP1804,Bob,Miller,40,Finance-New York,Pending,5/5/2023,112389,Excellent,f,Middle-Aged
EMP1805,Heidi,Brown,30,HR-California,Inactive,8/1/2024,63870,Excellent,f,Young-Adult
EMP1806,Bob,Garcia,40,Sales-New York,Active,7/22/2024,106165,Good,f,Middle-Aged
EMP1807,Bob,Smith,40,HR-Nevada,Pending,12/25/2023,103655,Poor,f,Middle-Aged
EMP1808,David,Miller,30,Sales-California,Inactive,3/13/2022,62835,Good,t,Young-Adult
EMP1809,Frank,Jones,35,Finance-Florida,Active,5/13/2020,83273,Excellent,f,Adult
EMP1810,Heidi,Williams,30,HR-California,Pending,3/22/2023,58918,Good,f,Young-Adult
EMP1811,Bob,Williams,35,Sales-Nevada,Active,6/10/2024,71148,Excellent,t,Adult
EMP1812,Grace,Smith,30,Sales-New York,Pending,11/21/2020,118172,Poor,t,Young-Adult
EMP1813,Frank,Brown,30,DevOps-Illinois,Inactive,5/25/2024,118614,Average,f,Young-Adult
EMP1814,Frank,Brown,30,DevOps-New York,Active,9/19/2023,96872,Poor,f,Young-Adult
EMP1815,Heidi,Jones,25,Sales-Illinois,Inactive,10/28/2021,88856,Good,t,Young-Adult
EMP1816,Charlie,Smith,35,Finance-Texas,Pending,8/10/2020,97986,Good,f,Adult
EMP1817,Grace,Williams,35,Finance-Nevada,Pending,5/5/2020,56337,Poor,t,Adult
EMP1818,Alice,Brown,30,DevOps-New York,Inactive,12/24/2022,70405,Poor,t,Young-Adult
EMP1819,Heidi,Smith,30,Admin-Nevada,Inactive,9/5/2021,89919,Excellent,t,Young-Adult
EMP1820,Eva,Davis,40,DevOps-California,Active,4/8/2023,50568,Good,t,Middle-Aged
EMP1821,Grace,Brown,30,HR-Texas,Inactive,1/29/2023,91600,Good,f,Young-Adult
EMP1822,Frank,Miller,25,HR-Texas,Active,6/3/2022,99156,Poor,t,Young-Adult
EMP1823,Frank,Davis,40,Finance-Florida,Inactive,1/21/2023,64785,Average,t,Middle-Aged
EMP1824,Charlie,Garcia,30,Sales-Florida,Inactive,9/16/2024,79206,Good,f,Young-Adult
EMP1825,Charlie,Brown,30,Cloud Tech-Texas,Pending,2/2/2020,60080,Average,t,Young-Adult
EMP1826,Grace,Williams,30,Cloud Tech-New York,Pending,7/8/2024,79110,Poor,f,Young-Adult
EMP1827,Grace,Johnson,30,Admin-Florida,Pending,5/18/2022,88644,Poor,f,Young-Adult
EMP1828,Frank,Davis,30,Admin-Florida,Pending,1/16/2020,90456,Excellent,f,Young-Adult
EMP1829,David,Garcia,30,HR-Florida,Pending,3/26/2023,75688,Good,t,Young-Adult
EMP1830,Heidi,Jones,35,Cloud Tech-Illinois,Inactive,11/15/2023,55604,Average,f,Adult
EMP1831,Eva,Jones,40,Sales-Texas,Pending,12/27/2024,92705,Excellent,f,Middle-Aged
EMP1832,Bob,Williams,30,Sales-California,Pending,4/18/2020,113251,Good,t,Young-Adult
EMP1833,Alice,Brown,40,Finance-Illinois,Inactive,3/21/2023,101367,Excellent,f,Middle-Aged
EMP1834,Eva,Smith,35,Admin-Texas,Pending,5/8/2023,102460,Poor,f,Adult
EMP1835,Eva,Brown,25,DevOps-Florida,Pending,12/12/2020,90100,Good,f,Young-Adult
EMP1836,Eva,Williams,30,Cloud Tech-California,Inactive,6/17/2020,58877,Excellent,f,Young-Adult
EMP1837,Eva,Jones,35,Admin-Illinois,Inactive,7/17/2021,96158,Excellent,f,Adult
EMP1838,Bob,Brown,30,Admin-Illinois,Pending,11/5/2020,96141,Average,t,Young-Adult
EMP1839,Charlie,Jones,35,DevOps-New York,Inactive,1/5/2021,105956,Excellent,f,Adult
EMP1840,Frank,Davis,25,Admin-Illinois,Active,9/11/2024,84716,Good,f,Young-Adult
EMP1841,Grace,Garcia,30,DevOps-Florida,Pending,7/29/2023,61710,Good,t,Young-Adult
EMP1842,Frank,Smith,25,DevOps-California,Active,4/17/2020,61732,Average,t,Young-Adult
EMP1843,Eva,Davis,40,DevOps-Illinois,Active,2/16/2022,97846,Good,t,Middle-Aged
EMP1844,Eva,Jones,30,Sales-Florida,Active,8/14/2021,114906,Poor,f,Young-Adult
EMP1845,Frank,Jones,30,DevOps-Texas,Active,12/24/2022,94620,Good,t,Young-Adult
EMP1846,Grace,Johnson,30,DevOps-California,Inactive,7/7/2021,68696,Good,f,Young-Adult
EMP1847,Grace,Johnson,40,DevOps-Nevada,Active,2/12/2024,97032,Excellent,f,Middle-Aged
EMP1848,Frank,Davis,30,HR-Illinois,Active,10/9/2023,50593,Excellent,t,Young-Adult
EMP1849,Grace,Miller,25,Sales-Texas,Pending,7/2/2022,74606,Good,t,Young-Adult
EMP1850,Eva,Davis,30,Cloud Tech-Texas,Pending,7/7/2020,53982,Average,f,Young-Adult
EMP1851,David,Johnson,30,DevOps-Texas,Pending,9/2/2020,56047,Excellent,t,Young-Adult
EMP1852,Grace,Jones,30,Admin-Texas,Pending,1/12/2021,67734,Average,f,Young-Adult
EMP1853,Bob,Williams,40,HR-Florida,Pending,9/29/2023,103892,Good,t,Middle-Aged
EMP1854,Charlie,Davis,25,HR-Texas,Inactive,3/6/2022,73286,Good,t,Young-Adult
EMP1855,Eva,Jones,30,Finance-Texas,Inactive,2/14/2021,92721,Poor,t,Young-Adult
EMP1856,Heidi,Williams,25,Admin-Illinois,Inactive,3/23/2021,92978,Excellent,f,Young-Adult
EMP1857,Heidi,Williams,35,Cloud Tech-Texas,Active,5/24/2020,89994,Good,t,Adult
EMP1858,Heidi,Johnson,25,Finance-New York,Pending,8/4/2023,50061,Poor,f,Young-Adult
EMP1859,Grace,Davis,35,Admin-Nevada,Inactive,3/12/2022,90225,Excellent,f,Adult
EMP1860,Heidi,Brown,40,Finance-Florida,Pending,5/18/2024,106859,Good,f,Middle-Aged
EMP1861,David,Smith,25,Finance-Nevada,Inactive,9/5/2020,89707,Good,f,Young-Adult
EMP1862,Frank,Johnson,35,DevOps-California,Inactive,4/23/2020,94259,Excellent,t,Adult
EMP1863,Bob,Johnson,35,Sales-California,Active,9/18/2024,82175,Excellent,f,Adult
EMP1864,David,Brown,30,Sales-Texas,Inactive,9/15/2023,63370,Excellent,f,Young-Adult
EMP1865,Bob,Smith,35,Finance-Texas,Pending,6/15/2022,101473,Good,t,Adult
EMP1866,David,Jones,25,DevOps-Illinois,Active,9/28/2022,77214,Good,f,Young-Adult
EMP1867,Eva,Miller,40,Sales-Florida,Active,3/16/2020,73750,Poor,t,Middle-Aged
EMP1868,Alice,Davis,40,Cloud Tech-New York,Pending,9/28/2023,86618,Average,f,Middle-Aged
EMP1869,Charlie,Miller,30,Admin-Texas,Active,2/15/2024,59911,Excellent,t,Young-Adult
EMP1870,Heidi,Jones,30,Cloud Tech-New York,Pending,8/21/2023,59138,Good,f,Young-Adult
EMP1871,Alice,Garcia,35,Cloud Tech-Florida,Pending,12/15/2020,108475,Good,t,Adult
EMP1872,Bob,Johnson,25,Finance-Illinois,Pending,3/27/2021,54418,Excellent,f,Young-Adult
EMP1873,Frank,Smith,40,HR-Texas,Pending,3/25/2023,88212,Average,f,Middle-Aged
EMP1874,David,Johnson,25,Sales-New York,Inactive,5/9/2020,58452,Excellent,t,Young-Adult
EMP1875,Grace,Williams,30,DevOps-California,Pending,12/3/2020,80706,Average,t,Young-Adult
EMP1876,Alice,Johnson,30,Cloud Tech-Nevada,Pending,2/9/2022,81018,Good,t,Young-Adult
EMP1877,Heidi,Johnson,25,Cloud Tech-Texas,Active,7/1/2020,99472,Average,t,Young-Adult
EMP1878,Eva,Jones,40,DevOps-Florida,Pending,9/16/2020,64431,Poor,f,Middle-Aged
EMP1879,Heidi,Jones,40,Admin-New York,Pending,11/17/2023,52633,Good,f,Middle-Aged
EMP1880,Heidi,Jones,30,Cloud Tech-Nevada,Inactive,12/13/2021,79315,Poor,t,Young-Adult
EMP1881,David,Miller,25,Sales-Texas,Pending,1/11/2022,110391,Excellent,f,Young-Adult
EMP1882,David,Williams,40,DevOps-Nevada,Active,7/20/2021,53715,Excellent,t,Middle-Aged
EMP1883,Charlie,Garcia,40,Finance-New York,Active,10/4/2023,114587,Excellent,t,Middle-Aged
EMP1884,Frank,Garcia,35,Admin-Florida,Inactive,11/15/2021,93177,Average,f,Adult
EMP1885,Heidi,Jones,25,Cloud Tech-Nevada,Active,1/5/2023,62312,Good,f,Young-Adult
EMP1886,Heidi,Smith,30,Cloud Tech-Texas,Active,1/17/2024,81137,Excellent,f,Young-Adult
EMP1887,Grace,Miller,30,DevOps-Nevada,Inactive,4/16/2021,104528,Excellent,f,Young-Adult
EMP1888,Bob,Brown,30,DevOps-Florida,Active,2/8/2022,112396,Good,f,Young-Adult
EMP1889,Heidi,Smith,25,Finance-New York,Active,6/2/2023,81849,Excellent,f,Young-Adult
EMP1890,Charlie,Davis,40,DevOps-New York,Pending,1/4/2022,118289,Poor,f,Middle-Aged
EMP1891,Charlie,Davis,25,DevOps-Illinois,Active,7/28/2021,59555,Good,t,Young-Adult
EMP1892,Heidi,Smith,40,Admin-California,Active,12/20/2024,70661,Good,t,Middle-Aged
EMP1893,Charlie,Jones,30,Sales-New York,Active,4/23/2022,109988,Good,t,Young-Adult
EMP1894,David,Brown,30,Finance-Florida,Inactive,1/30/2020,101101,Poor,t,Young-Adult
EMP1895,David,Brown,30,HR-Florida,Pending,3/31/2021,112428,Good,t,Young-Adult
EMP1896,Charlie,Miller,30,Cloud Tech-Florida,Active,3/23/2020,119389,Poor,f,Young-Adult
EMP1897,Alice,Brown,40,Sales-Florida,Inactive,7/16/2024,105861,Good,t,Middle-Aged
EMP1898,Heidi,Davis,40,Admin-Texas,Pending,3/22/2024,50870,Average,t,Middle-Aged
EMP1899,David,Williams,30,HR-California,Active,8/19/2023,85970,Excellent,t,Young-Adult
EMP1900,Eva,Jones,30,DevOps-Florida,Pending,3/10/2024,90856,Average,t,Young-Adult
EMP1901,Heidi,Brown,30,DevOps-Florida,Active,6/5/2024,111009,Excellent,t,Young-Adult
EMP1902,Alice,Miller,25,Finance-Nevada,Inactive,12/23/2022,52290,Poor,t,Young-Adult
EMP1903,Eva,Davis,30,Sales-Illinois,Active,6/1/2024,97927,Average,t,Young-Adult
EMP1904,Frank,Williams,25,Sales-Nevada,Inactive,12/23/2024,53609,Good,f,Young-Adult
EMP1905,Heidi,Johnson,30,Cloud Tech-California,Inactive,12/24/2020,95372,Excellent,f,Young-Adult
EMP1906,David,Johnson,30,HR-New York,Pending,8/20/2020,95433,Excellent,t,Young-Adult
EMP1907,David,Williams,30,HR-California,Inactive,10/28/2022,97616,Average,f,Young-Adult
EMP1908,Bob,Davis,35,HR-Florida,Inactive,10/23/2022,86868,Poor,f,Adult
EMP1909,Eva,Miller,40,Sales-California,Pending,11/20/2023,106616,Average,f,Middle-Aged
EMP1910,Bob,Williams,30,Finance-Texas,Active,3/11/2022,112856,Poor,f,Young-Adult
EMP1911,Bob,Jones,25,Admin-California,Active,11/28/2023,60357,Poor,t,Young-Adult
EMP1912,David,Jones,30,DevOps-Texas,Inactive,5/3/2022,117870,Excellent,f,Young-Adult
EMP1913,Charlie,Johnson,40,HR-Florida,Inactive,2/19/2024,95128,Average,f,Middle-Aged
EMP1914,Bob,Brown,25,Admin-Illinois,Pending,11/18/2021,78818,Average,f,Young-Adult
EMP1915,Frank,Miller,40,Sales-Nevada,Pending,12/21/2022,108934,Poor,t,Middle-Aged
EMP1916,Eva,Johnson,30,Admin-California,Active,6/4/2024,68201,Average,t,Young-Adult
EMP1917,Eva,Brown,25,Admin-California,Inactive,7/22/2022,116935,Good,t,Young-Adult
EMP1918,Charlie,Brown,30,HR-New York,Active,9/14/2024,99568,Good,t,Young-Adult
EMP1919,Charlie,Garcia,30,Admin-Texas,Active,10/10/2021,90217,Average,t,Young-Adult
EMP1920,Frank,Jones,30,Admin-Illinois,Pending,3/12/2020,96589,Average,t,Young-Adult
EMP1921,Charlie,Davis,35,Finance-Illinois,Active,12/28/2022,71109,Poor,t,Adult
EMP1922,Grace,Smith,40,Admin-Florida,Inactive,11/15/2020,50301,Good,f,Middle-Aged
EMP1923,Frank,Davis,35,Finance-California,Pending,9/27/2023,60296,Good,f,Adult
EMP1924,Heidi,Smith,35,DevOps-Texas,Pending,9/7/2022,113012,Excellent,f,Adult
EMP1925,Bob,Williams,35,Cloud Tech-Florida,Pending,9/18/2024,65426,Poor,t,Adult
EMP1926,Frank,Jones,25,Sales-Nevada,Active,4/9/2023,86850,Excellent,t,Young-Adult
EMP1927,Eva,Brown,30,Cloud Tech-Texas,Pending,10/5/2024,81182,Good,t,Young-Adult
EMP1928,Bob,Miller,30,Finance-New York,Inactive,10/12/2021,92222,Poor,t,Young-Adult
EMP1929,Alice,Smith,35,Finance-New York,Pending,10/14/2024,79935,Average,t,Adult
EMP1930,Alice,Davis,35,HR-California,Inactive,7/1/2022,111201,Poor,f,Adult
EMP1931,Heidi,Brown,40,Finance-California,Active,7/8/2024,100960,Average,f,Middle-Aged
EMP1932,Grace,Smith,30,Sales-Illinois,Active,10/21/2020,64545,Average,t,Young-Adult
EMP1933,Frank,Smith,25,Sales-Florida,Active,1/14/2020,78662,Poor,t,Young-Adult
EMP1934,Grace,Garcia,30,Sales-Florida,Pending,3/9/2023,102867,Average,t,Young-Adult
EMP1935,Charlie,Smith,40,HR-Illinois,Inactive,3/27/2020,107596,Excellent,t,Middle-Aged
EMP1936,Eva,Miller,40,Sales-Nevada,Inactive,4/4/2021,82750,Good,f,Middle-Aged
EMP1937,Eva,Jones,35,DevOps-Nevada,Inactive,9/11/2020,95767,Average,t,Adult
EMP1938,Grace,Miller,30,Finance-Nevada,Pending,5/16/2021,51991,Excellent,t,Young-Adult
EMP1939,Heidi,Johnson,25,Sales-Nevada,Inactive,4/5/2023,83634,Average,t,Young-Adult
EMP1940,Eva,Brown,40,DevOps-Texas,Inactive,11/15/2022,82618,Good,t,Middle-Aged
EMP1941,Eva,Jones,30,Sales-Texas,Active,10/16/2021,82273,Excellent,f,Young-Adult
EMP1942,Frank,Garcia,30,Cloud Tech-California,Inactive,5/9/2022,94537,Good,t,Young-Adult
EMP1943,Alice,Jones,35,HR-Illinois,Pending,6/6/2020,85971,Good,t,Adult
EMP1944,Charlie,Jones,25,Sales-New York,Pending,10/22/2021,111071,Excellent,f,Young-Adult
EMP1945,Eva,Davis,35,DevOps-Nevada,Pending,1/12/2022,56708,Excellent,f,Adult
EMP1946,Charlie,Jones,25,Admin-Illinois,Inactive,2/2/2022,104517,Excellent,f,Young-Adult
EMP1947,Charlie,Garcia,25,Admin-New York,Pending,3/28/2021,108210,Poor,t,Young-Adult
EMP1948,Bob,Miller,40,Finance-Texas,Active,8/3/2024,84839,Excellent,t,Middle-Aged
EMP1949,Frank,Jones,35,DevOps-California,Active,7/31/2024,80936,Excellent,f,Adult
EMP1950,Frank,Williams,30,DevOps-California,Active,3/4/2024,107020,Excellent,f,Young-Adult
EMP1951,Charlie,Brown,30,HR-New York,Active,9/23/2020,118678,Excellent,f,Young-Adult
EMP1952,Bob,Jones,25,Cloud Tech-Florida,Inactive,3/28/2020,63745,Average,f,Young-Adult
EMP1953,Alice,Brown,40,Cloud Tech-California,Active,5/15/2020,87127,Poor,f,Middle-Aged
EMP1954,Bob,Williams,25,Sales-New York,Pending,2/13/2021,62935,Good,f,Young-Adult
EMP1955,Bob,Williams,30,DevOps-California,Pending,12/13/2021,74654,Excellent,t,Young-Adult
EMP1956,David,Brown,30,Sales-Texas,Active,8/5/2024,86911,Average,t,Young-Adult
EMP1957,David,Smith,30,HR-New York,Pending,1/9/2020,118151,Average,t,Young-Adult
EMP1958,David,Johnson,30,DevOps-Florida,Inactive,11/30/2023,91257,Average,f,Young-Adult
EMP1959,Bob,Davis,30,HR-Florida,Inactive,3/14/2021,85998,Good,f,Young-Adult
EMP1960,Frank,Smith,25,Finance-Texas,Pending,10/5/2020,84707,Excellent,f,Young-Adult
EMP1961,Eva,Smith,30,DevOps-Texas,Active,11/2/2021,84560,Poor,f,Young-Adult
EMP1962,Heidi,Miller,30,DevOps-California,Pending,9/18/2024,81077,Poor,f,Young-Adult
EMP1963,Eva,Davis,40,Admin-Texas,Inactive,10/22/2023,86136,Average,f,Middle-Aged
EMP1964,Heidi,Davis,25,Finance-Florida,Pending,9/10/2023,97356,Good,t,Young-Adult
EMP1965,Grace,Smith,40,DevOps-Illinois,Active,2/27/2024,114770,Good,t,Middle-Aged
EMP1966,Bob,Jones,35,Admin-California,Active,5/3/2023,109082,Good,f,Adult
EMP1967,David,Miller,40,DevOps-Florida,Inactive,4/15/2024,99945,Poor,t,Middle-Aged
EMP1968,Eva,Miller,40,HR-Florida,Pending,5/20/2023,116510,Average,f,Middle-Aged
EMP1969,Eva,Williams,30,Finance-Texas,Active,5/28/2021,84254,Excellent,t,Young-Adult
EMP1970,Charlie,Garcia,25,Cloud Tech-Nevada,Active,8/27/2024,54776,Poor,f,Young-Adult
EMP1971,Charlie,Davis,40,Sales-Nevada,Inactive,11/8/2020,71193,Average,f,Middle-Aged
EMP1972,Bob,Smith,30,Finance-Florida,Active,8/24/2021,96347,Average,t,Young-Adult
EMP1973,Eva,Williams,30,HR-Illinois,Pending,2/6/2020,116681,Excellent,t,Young-Adult
EMP1974,Grace,Brown,25,Finance-Florida,Inactive,10/12/2024,76344,Excellent,f,Young-Adult
EMP1975,Alice,Johnson,30,Sales-Nevada,Inactive,12/16/2024,99424,Excellent,f,Young-Adult
EMP1976,Charlie,Garcia,35,DevOps-Florida,Inactive,4/13/2024,57657,Good,t,Adult
EMP1977,Heidi,Garcia,40,Sales-New York,Pending,4/24/2020,77397,Excellent,t,Middle-Aged
EMP1978,Grace,Garcia,30,DevOps-California,Inactive,10/18/2021,54300,Average,f,Young-Adult
EMP1979,Charlie,Miller,35,HR-Nevada,Pending,2/25/2020,103564,Excellent,t,Adult
EMP1980,Grace,Brown,25,Finance-California,Inactive,4/23/2022,74589,Average,f,Young-Adult
EMP1981,David,Garcia,30,DevOps-California,Pending,6/22/2020,113727,Poor,f,Young-Adult
EMP1982,Eva,Brown,25,HR-New York,Active,1/7/2023,72828,Good,f,Young-Adult
EMP1983,Grace,Jones,30,Sales-Florida,Inactive,2/11/2020,98717,Poor,f,Young-Adult
EMP1984,Frank,Garcia,40,Sales-Florida,Inactive,3/18/2023,56841,Poor,t,Middle-Aged
EMP1985,David,Johnson,35,Finance-Illinois,Pending,11/26/2021,61664,Average,t,Adult
EMP1986,Grace,Brown,30,Finance-Nevada,Active,9/17/2024,109523,Poor,t,Young-Adult
EMP1987,Eva,Brown,25,HR-Illinois,Inactive,7/5/2024,65812,Average,t,Young-Adult
EMP1988,Bob,Johnson,30,Cloud Tech-Illinois,Inactive,7/13/2021,54709,Excellent,t,Young-Adult
EMP1989,Heidi,Garcia,40,Admin-California,Active,8/27/2023,107662,Excellent,t,Middle-Aged
EMP1990,Eva,Johnson,40,DevOps-Illinois,Inactive,2/13/2021,79002,Average,t,Middle-Aged
EMP1991,Heidi,Brown,30,Admin-Texas,Pending,12/11/2023,86136,Excellent,f,Young-Adult
EMP1992,Heidi,Johnson,30,DevOps-Nevada,Inactive,7/2/2021,115601,Good,t,Young-Adult
EMP1993,Grace,Brown,30,DevOps-Nevada,Active,12/5/2022,64045,Poor,t,Young-Adult
EMP1994,David,Brown,30,DevOps-Nevada,Inactive,9/24/2024,80477,Good,f,Young-Adult
EMP1995,Bob,Jones,30,Finance-California,Inactive,8/16/2023,61241,Poor,t,Young-Adult
EMP1996,David,Smith,40,Admin-Texas,Active,1/28/2021,51939,Excellent,t,Middle-Aged
EMP1997,Eva,Brown,40,Finance-Illinois,Inactive,5/14/2022,95285,Good,f,Middle-Aged
EMP1998,Charlie,Garcia,35,Admin-Texas,Inactive,6/5/2024,106248,Excellent,t,Adult
EMP1999,Charlie,Williams,25,DevOps-Florida,Active,4/23/2020,110171,Poor,t,Young-Adult
EMP2000,Charlie,Miller,25,HR-Nevada,Pending,6/10/2024,52615,Average,t,Young-Adult
EMP2001,Eva,Davis,30,DevOps-Illinois,Inactive,4/18/2020,82547,Average,f,Young-Adult
EMP2002,Bob,Smith,35,Finance-Illinois,Pending,6/29/2020,63049,Good,t,Adult
EMP2003,Frank,Smith,35,HR-California,Pending,2/15/2023,115229,Excellent,t,Adult
EMP2004,Grace,Smith,25,DevOps-Illinois,Pending,6/15/2023,60688,Excellent,f,Young-Adult
EMP2005,Frank,Jones,30,Finance-Illinois,Inactive,3/19/2022,67493,Good,t,Young-Adult
EMP2006,Grace,Brown,30,HR-Illinois,Inactive,10/25/2023,77822,Average,f,Young-Adult
EMP2007,Charlie,Jones,35,DevOps-Texas,Active,7/14/2022,69147,Poor,f,Adult
EMP2008,Grace,Brown,35,Admin-Nevada,Inactive,3/12/2022,90225,Good,t,Adult
EMP2009,David,Garcia,30,Finance-Illinois,Pending,6/11/2024,62604,Poor,f,Young-Adult
EMP2010,Bob,Jones,35,Sales-Nevada,Active,6/10/2024,71148,Average,f,Adult
EMP2011,David,Jones,40,Admin-California,Inactive,9/21/2022,52032,Excellent,t,Middle-Aged
EMP2012,Grace,Miller,35,DevOps-Florida,Inactive,4/15/2023,90856,Average,f,Adult
EMP2013,Eva,Williams,30,HR-Illinois,Pending,2/6/2020,116681,Good,f,Young-Adult
EMP2014,Grace,Jones,30,Finance-Nevada,Pending,5/16/2021,51991,Excellent,t,Young-Adult
EMP2015,David,Miller,30,HR-California,Active,8/19/2023,85970,Good,t,Young-Adult
EMP2016,David,Johnson,30,Cloud Tech-Texas,Inactive,11/7/2021,100215,Good,t,Young-Adult
EMP2017,Charlie,Williams,40,Finance-New York,Active,10/4/2023,114587,Average,f,Middle-Aged
EMP2018,Alice,Garcia,30,HR-Florida,Inactive,12/16/2024,71319,Good,t,Young-Adult
EMP2019,Heidi,Jones,30,DevOps-Illinois,Pending,2/22/2021,77764,Average,f,Young-Adult
